rank	char	frequency_weight
1	的	0.08097522307306709
2	是	0.03904249823310035
3	一	0.03757066834655864
4	不	0.03357522362708337
5	我	0.03039267708683596
6	了	0.02657504061683117
7	有	0.0216573578894512
8	人	0.0192588526614863
9	在	0.01914189876221464
10	个	0.01896827841853319
11	这	0.01890800203461293
12	你	0.0142365229799947
13	就	0.01407859468853715
14	他	0.01379815800844074
15	来	0.01345287696742115
16	大	0.01243895914895868
17	上	0.01177411160099076
18	到	0.01120485846774696
19	说	0.01116207572637584
20	也	0.01016997108534023
21	要	0.01002860396728946
22	么	0.009621849988465585
23	时	0.009510665940566144
24	为	0.009380338365059155
25	们	0.009326053766159125
26	以	0.009212787359864756
27	那	0.008836235647001565
28	看	0.008820087808639996
29	都	0.008760178422789564
30	没	0.008721522097757149
31	自	0.008615948471407741
32	可	0.00831601906263672
33	会	0.008153216881554459
34	好	0.008096714553519332
35	中	0.007943747779003162
36	着	0.007925213529968998
37	能	0.007897714954613222
38	下	0.007847100254477914
39	出	0.007730350366477434
40	还	0.007611265486634638
41	得	0.00758688435559857
42	和	0.00757151736844612
43	过	0.007532619337399932
44	道	0.007481254662719531
45	后	0.007241050656767998
46	子	0.007226716770031417
47	然	0.007130765288239905
48	对	0.00709589687918482
49	地	0.006871130338008949
50	多	0.006802182112471614
51	很	0.006663230065967525
52	去	0.006542156527595992
53	里	0.006414461401606959
54	小	0.006360250509184363
55	想	0.006202779497833851
56	天	0.006190777493408356
57	生	0.00609785330070343
58	她	0.005642585668379265
59	心	0.005624879482628376
60	家	0.005531199045165813
61	学	0.005490511337205984
62	而	0.005474593573021748
63	之	0.00538105254401244
64	如	0.00535098170927256
65	只	0.00516084261755731
66	什	0.005076647237821383
67	国	0.005061755773784317
68	己	0.005055533139352208
69	年	0.004948373015872544
70	现	0.004811081761032088
71	起	0.004786035361019153
72	面	0.004744935438030003
73	但	0.004722164622968933
74	于	0.004619961686521151
75	开	0.004608085541597732
76	发	0.00459579415893439
77	经	0.00458082941231829
78	所	0.00455677369187444
79	问	0.0044969740343882
80	用	0.004467138821686667
81	前	0.004456040059264586
82	事	0.004439958593930635
83	样	0.00429966957688487
84	手	0.004284858040905265
85	本	0.004282489672680313
86	知	0.004273825481281397
87	点	0.004233172116376662
88	无	0.004159442312184456
89	当	0.004156811107772348
90	成	0.004127072524411411
91	最	0.004118838712741747
92	方	0.004060496282247718
93	些	0.004059945683841914
94	实	0.004057905836869552
95	身	0.003976053507266449
96	回	0.003876424341280586
97	分	0.003843626622528468
98	真	0.003815511673155684
99	情	0.003769816877089955
100	老	0.00369167726005327
101	意	0.003656425244164401
102	其	0.003645512981473883
103	种	0.003640401479010287
104	因	0.003529151570539586
105	作	0.003524094878156694
106	女	0.00352040833964131
107	主	0.003452801101970079
108	比	0.003435614621328987
109	头	0.00343060084727953
110	把	0.003396378944910112
111	从	0.003391086030507672
112	高	0.003387486763694692
113	两	0.003379024374801579
114	觉	0.003356076052698415
115	被	0.003328655013641398
116	同	0.003304321227242139
117	定	0.003300691876040507
118	做	0.003275221180797507
119	给	0.003198225320023723
120	几	0.003185331980767696
121	果	0.003165073156379977
122	行	0.003152600251676426
123	感	0.003143753187148949
124	力	0.003137000019125694
125	动	0.003078243152591208
126	正	0.003043733975423824
127	话	0.003035387379867303
128	已	0.003032012548703638
129	三	0.003031064467479375
130	又	0.002986884741317467
131	法	0.002975747323423362
132	打	0.002963302563093101
133	间	0.002943847893936155
134	理	0.002914762475537238
135	明	0.002879821480225469
136	让	0.002869302815276738
137	长	0.002865029737518847
138	第	0.002847713976908375
139	别	0.002741446275904001
140	见	0.002715784436069357
141	次	0.002606264426299971
142	再	0.002594749623278148
143	公	0.002556418318530651
144	进	0.002555815438362325
145	体	0.002532466811342343
146	全	0.002531125002309684
147	相	0.002515055422503175
148	眼	0.002512155240937004
149	候	0.002504148714706627
150	题	0.002460194161330339
151	才	0.002459660009300854
152	更	0.002458556340602649
153	外	0.002437072343679082
154	直	0.002434525752913007
155	太	0.002415559268965046
156	关	0.002411948744096575
157	部	0.002410236728572935
158	气	0.002401752472622454
159	答	0.002391990562437166
160	文	0.002384368711255573
161	常	0.002370659424066037
162	十	0.002332088711472126
163	声	0.002327199537937758
164	重	0.002309052116946858
165	怎	0.002303485201281168
166	机	0.002301378875667998
167	者	0.002295442438564418
168	美	0.002263123950935693
169	走	0.002244160184536907
170	笑	0.002239654412090026
171	业	0.002216976374442286
172	工	0.002213023532216729
173	二	0.002165686058059579
174	应	0.00215028908581957
175	先	0.002149813917816051
176	此	0.002144557280007683
177	少	0.002139994818903578
178	日	0.002134430577342779
179	等	0.002131813614675516
180	性	0.002130175158436648
181	儿	0.002114520844466118
182	内	0.002058984385044794
183	与	0.002041446557328869
184	听	0.002014000105885205
185	神	0.001995131595183987
186	电	0.001982438283887428
187	完	0.001976739156080362
188	接	0.001974303748332711
189	白	0.001971063808637715
190	边	0.001969705819153169
191	并	0.001969470329690921
192	口	0.00196566815502451
193	东	0.001961400480428055
194	名	0.00196071680218109
195	爱	0.001947215128707655
196	水	0.00192566381382792
197	向	0.001911734014996079
198	男	0.001902538325514468
199	原	0.001898676161344132
200	门	0.001890219503054475
201	像	0.001877549043637149
202	将	0.00185949607986298
203	新	0.001833511747534879
204	西	0.001813126262295128
205	何	0.001804982101669363
206	信	0.001802651796148565
207	加	0.001791000086054689
208	吃	0.001786625416781967
209	位	0.001783467990078738
210	跟	0.001777692542013846
211	度	0.001769452915574754
212	风	0.001768959876760072
213	放	0.001766412514755434
214	特	0.001761670529504832
215	认	0.001757050021100635
216	平	0.001738980382330193
217	喜	0.001733615777573383
218	非	0.001713704384573677
219	入	0.001710171376634346
220	每	0.001692135947419979
221	却	0.001682430742588516
222	该	0.001681614168899821
223	光	0.001679555293835381
224	数	0.001678548689932518
225	结	0.001675635543214927
226	死	0.001666638574601205
227	合	0.001664633067996035
228	算	0.001664240159209255
229	军	0.001657814367627262
230	难	0.001656788653749729
231	目	0.001641492261129984
232	表	0.001641078443093935
233	张	0.001634642139367567
234	师	0.001633634511722783
235	或	0.001632436039670975
236	通	0.001630797971033217
237	战	0.001621373705434255
238	找	0.001608071709684037
239	色	0.001608010845980214
240	住	0.001596852820299331
241	友	0.001593245664413377
242	活	0.001591024494212017
243	反	0.00157963991881472
244	场	0.001566914370019475
245	提	0.001560010323398473
246	啊	0.001556316472330041
247	清	0.001546626195071393
248	世	0.001545993488419949
249	安	0.001537228953863086
250	变	0.001536921996304069
251	车	0.001529513602163442
252	带	0.001529202972062613
253	欢	0.001515816590867665
254	教	0.001509839342358482
255	至	0.001505350514879988
256	便	0.001494885393004877
257	受	0.001494781472209025
258	快	0.001491976970874738
259	思	0.001481938370593351
260	马	0.001481783431878531
261	吧	0.00147891211087485
262	始	0.00147875886425512
263	四	0.001478741624118131
264	总	0.001470241219563651
265	处	0.001467591116980229
266	月	0.001467224431859099
267	代	0.001465127216133501
268	且	0.001462930560216438
269	量	0.001456729398794732
270	刚	0.001455654798409251
271	物	0.001442267467516611
272	考	0.001441667305735437
273	论	0.001420107214448162
274	王	0.00141353491792409
275	强	0.00141313293130937
276	路	0.001412876302140977
277	叫	0.00141279125141502
278	基	0.001402224374202917
279	各	0.001396922875798344
280	使	0.001389240390871731
281	影	0.001370453213226178
282	望	0.001360596351550016
283	孩	0.001360492434127398
284	任	0.001354309542277267
285	单	0.001347765163450608
286	系	0.001330709309090622
287	金	0.00132792766860912
288	化	0.001322545733794944
289	今	0.001321142881020246
290	空	0.001308171940006145
291	轻	0.001307524473870876
292	海	0.001306009447823185
293	利	0.001305866870842169
294	记	0.001304302385780434
295	由	0.001296608785148026
296	书	0.001290433530077815
297	脸	0.001283373176098819
298	它	0.001280965581816936
299	越	0.001280668255035837
300	社	0.001277286423242585
301	流	0.001253159338083389
302	黑	0.001235584432289754
303	件	0.001235222904835093
304	万	0.001233822049827229
305	民	0.001232816744646416
306	花	0.001230938041346205
307	产	0.001213667549486591
308	干	0.001209448409006013
309	亲	0.001209245573819948
310	微	0.001207624141854109
311	区	0.001206730529221222
312	语	0.001202505342558848
313	转	0.00119739580005553
314	山	0.00119698548909839
315	容	0.001194484103152527
316	需	0.001192514725024404
317	计	0.001191542030224273
318	立	0.001179726518773069
319	制	0.001176945520490116
320	朋	0.001175396846990416
321	钱	0.001173851408019557
322	交	0.001161793848318103
323	连	0.001160468673529418
324	期	0.001154972084092869
325	保	0.001153432699715508
326	类	0.00115120249737858
327	虽	0.001151051371299016
328	写	0.001140382341236853
329	远	0.001138023392064606
330	五	0.00113733484276283
331	买	0.001137327124136289
332	必	0.001136237478947321
333	飞	0.001135242880147092
334	哪	0.001131492610731494
335	满	0.001125848516060058
336	视	0.001125134151150255
337	许	0.001124904250551835
338	早	0.001123331812191989
339	传	0.001120698293006988
340	音	0.001120427690317208
341	较	0.001117008583749523
342	城	0.001116788793677589
343	妈	0.001115571902554958
344	首	0.001113492683380605
345	管	0.001113163491950846
346	界	0.001111486065193016
347	百	0.001110900831786822
348	半	0.001107250826057598
349	指	0.001103407433479156
350	吗	0.001100958615132596
351	品	0.001100896146971198
352	离	0.001098380951116406
353	深	0.001096087360229777
354	拿	0.001089786205512541
355	确	0.00108779472187168
356	服	0.001083575516622399
357	往	0.001076958387221542
358	命	0.001075113952571128
359	整	0.001073873675790605
360	拉	0.001063647960507244
361	程	0.001061569797916204
362	队	0.001059806062039934
363	斯	0.001057927356061342
364	请	0.001057678870006271
365	红	0.001056299368918927
366	司	0.001056023639149779
367	市	0.00105068204137993
368	字	0.001047739795071063
369	及	0.001040612196711903
370	玩	0.001035167538302194
371	选	0.001034587077746293
372	哈	0.001034421464628457
373	网	0.001032155285859111
374	收	0.001031027026436327
375	观	0.001028144403974285
376	失	0.001027808403480928
377	告	0.001025401197394577
378	格	0.001022667502808877
379	资	0.001022335093619418
380	条	0.001022000696956562
381	片	0.001019160167114046
382	言	0.001018266610637981
383	科	0.001017573792370283
384	根	0.001017075445305471
385	近	0.001016423683386696
386	似	0.001014102627408539
387	房	0.001009046342618447
388	精	0.001005415774069079
389	林	0.001004756382619006
390	专	0.001003137133054904
391	呢	0.0009965070801520792
392	识	0.0009946170093870644
393	周	0.0009941931073517046
394	李	0.0009936646640318415
395	火	0.0009932679814545996
396	般	0.0009931370640506123
397	乎	0.0009926483265179629
398	龙	0.0009902810717945781
399	员	0.0009866665275035948
400	校	0.000983160761500435
401	图	0.0009818474416446099
402	士	0.0009811022053821297
403	谢	0.0009780957032132559
404	随	0.0009776159520158874
405	游	0.0009733171231112586
406	建	0.0009731177916586752
407	简	0.0009649914622094385
408	绝	0.000958599336143994
409	求	0.000955571686414366
410	北	0.0009530876405186935
411	决	0.0009495695514589104
412	习	0.0009469970617182021
413	谁	0.0009430674336360164
414	怕	0.0009430254432938576
415	竟	0.0009395655983082727
416	功	0.0009385266359554298
417	哥	0.0009382891925601113
418	乐	0.0009330379578371569
419	步	0.0009311265044435375
420	站	0.0009154182315712617
421	英	0.0009142911666374417
422	象	0.0009094566665653602
423	包	0.000908588514416391
424	价	0.0009077227411128039
425	够	0.000906771484805649
426	突	0.0009054810407402697
427	台	0.0009019439789708739
428	南	0.0008976694003241716
429	形	0.0008955617614802217
430	准	0.0008953063177254499
431	照	0.0008905314319796743
432	错	0.0008878677421913808
433	级	0.0008871726201370393
434	坐	0.0008867179162141453
435	晚	0.0008862719679795976
436	即	0.0008785172424683493
437	星	0.0008743070268895725
438	推	0.0008734554398729425
439	政	0.0008727429566353295
440	易	0.0008713680287564932
441	装	0.0008711207789219051
442	帮	0.0008676664516412048
443	复	0.000867624655824983
444	持	0.0008670902267429719
445	尔	0.000863488990162865
446	杀	0.0008630191976760244
447	运	0.0008626685369157503
448	设	0.0008605501530540885
449	注	0.0008591459966559574
450	义	0.0008566233038608498
451	差	0.0008565874739955403
452	终	0.000856098724072651
453	式	0.0008553887308668786
454	术	0.0008530264541429418
455	报	0.0008492921713597097
456	极	0.0008460944459554728
457	句	0.0008422140422062396
458	父	0.0008413552588418403
459	倒	0.000841149473949202
460	历	0.0008405405073048009
461	姐	0.0008400331101790048
462	底	0.0008390782762108163
463	奇	0.0008370691784720805
464	试	0.000835434021420805
465	办	0.000835430973586418
466	双	0.0008293297521833433
467	备	0.0008290189684656033
468	线	0.0008256749674816284
469	达	0.0008246540058906425
470	众	0.0008245846960482448
471	云	0.0008219774889849005
472	衣	0.0008215538846512797
473	华	0.0008207132841443823
474	医	0.0008194965675098225
475	导	0.0008155755036280577
476	球	0.0008146672066345452
477	讲	0.0008091443872575029
478	领	0.0008088075888023076
479	段	0.0008069070143894839
480	未	0.0008065076690288221
481	德	0.0008061936810545237
482	质	0.0008052396493870241
483	脑	0.0008041688487382824
484	切	0.0008001770790389636
485	读	0.0007979571033577776
486	商	0.000796940936764677
487	兵	0.0007923267125009347
488	落	0.0007919033958538611
489	留	0.0007859207280702595
490	惊	0.0007808084075425006
491	消	0.0007801609537920297
492	冷	0.0007785537664075056
493	除	0.000772680380530777
494	千	0.0007707072613592745
495	母	0.0007703484629652385
496	武	0.0007701852250833976
497	伤	0.0007698827175545115
498	改	0.0007689278443716967
499	统	0.0007668140246744086
500	紧	0.0007667974769836983
501	跑	0.0007646748613702867
502	毕	0.0007644430029748909
503	血	0.0007638811356569472
504	显	0.0007638312301937464
505	慢	0.0007619233562865205
506	兴	0.0007601677062688149
507	客	0.0007595450670199121
508	青	0.0007580682258728102
509	某	0.0007553176390181257
510	院	0.0007537138785128335
511	角	0.0007519456208523877
512	低	0.0007518186554001015
513	击	0.0007512743530499657
514	务	0.0007484093581156383
515	技	0.0007471410012215721
516	魔	0.0007463250443111097
517	另	0.0007457417065246628
518	节	0.0007397272380841055
519	热	0.0007391053567151888
520	联	0.0007368578085241713
521	断	0.0007353125820169109
522	希	0.0007341245830991138
523	克	0.0007329894472022984
524	刻	0.0007323380989611888
525	存	0.0007301091255581099
526	况	0.000728699095965913
527	阿	0.0007286275826381926
528	背	0.0007267739776411855
529	足	0.0007216840012443835
530	初	0.0007207223743445452
531	细	0.0007184961617380647
532	故	0.000718303962441364
533	据	0.0007174073880156776
534	怪	0.0007158254178546679
535	息	0.0007145200879695993
536	八	0.000710727377532429
537	夜	0.0007097331690876328
538	尽	0.0007083987480623606
539	楼	0.000707448842933704
540	取	0.0007022835205340205
541	则	0.0007011184841139406
542	调	0.0007010841137194601
543	酒	0.0006999436988744218
544	案	0.0006950953526285288
545	造	0.0006939072185390773
546	解	0.0006913819035459165
547	灵	0.0006909901294303571
548	证	0.0006840578240283388
549	修	0.0006813385826820654
550	剑	0.0006799794739891624
551	宝	0.0006794615197832107
552	曾	0.0006780575812936276
553	团	0.0006755612347501639
554	费	0.0006752322596532688
555	穿	0.0006748465939163813
556	官	0.0006742444907240173
557	弟	0.0006731356301011184
558	静	0.0006715094310984089
559	害	0.0006682532815831203
560	超	0.0006680018542705072
561	甚	0.0006672282821650972
562	罗	0.000664309074372181
563	诉	0.0006633096813998787
564	标	0.0006629368650569513
565	元	0.0006617589969091292
566	久	0.000658266811932346
567	谈	0.0006579380366095575
568	古	0.0006570135149748471
569	支	0.0006569253315631208
570	夫	0.0006568660401926988
571	演	0.0006559210776577521
572	展	0.0006553973417877253
573	敢	0.0006534979057987122
574	冲	0.0006526046688055465
575	族	0.0006519640362483529
576	苦	0.0006509733007755245
577	阳	0.00064840463576174
578	具	0.0006483447196431607
579	爸	0.0006449087338787395
580	速	0.0006447623021516745
581	石	0.0006393362061145756
582	班	0.0006388357753621004
583	仅	0.0006385338677553979
584	依	0.0006357306102512078
585	评	0.0006340959361832932
586	响	0.0006338816178171371
587	续	0.0006328565766812
588	普	0.0006293812382742271
589	排	0.0006293331327132986
590	妹	0.0006248808209953443
591	画	0.0006233178937704445
592	黄	0.0006232074078466046
593	广	0.0006204722880924359
594	权	0.0006202448095875008
595	愿	0.0006196245516920293
596	号	0.0006182422577111239
597	治	0.0006181762910420476
598	群	0.0006181036276372225
599	待	0.0006169682340153282
600	睡	0.0006158864828624561
601	朝	0.0006148642938372818
602	参	0.000612418177878927
603	送	0.000612093760837132
604	暗	0.0006115379916675227
605	引	0.0006104643829249575
606	病	0.0006102620009263554
607	势	0.0006096346751720797
608	饭	0.0006063226215139609
609	优	0.0006062621428176508
610	喝	0.0006060749207624461
611	研	0.000605594638774175
612	靠	0.0006049729027692383
613	戏	0.0006021218871391908
614	围	0.0006010262426313578
615	室	0.0006008681269763165
616	概	0.0005966149094227344
617	破	0.0005964901229453741
618	居	0.0005952321249153547
619	拍	0.0005944180089417091
620	左	0.0005911350620264591
621	若	0.0005887749567947134
622	态	0.0005875326084304388
623	布	0.0005862174844373223
624	模	0.0005859558193782067
625	争	0.0005841729748165437
626	规	0.0005838178354388114
627	集	0.0005837094721023647
628	六	0.0005823753632150186
629	否	0.0005812021915911621
630	值	0.0005803455099036231
631	独	0.0005797490793298124
632	换	0.0005791885656617648
633	肯	0.0005791505778379347
634	器	0.0005768273138930804
635	练	0.0005768151671241207
636	忙	0.0005766221421848528
637	丝	0.0005745244904759081
638	刘	0.0005735630021630514
639	令	0.0005712052204932137
640	江	0.0005709754398980757
641	投	0.0005694709755923691
642	护	0.0005687521355435352
643	急	0.0005666533334650364
644	史	0.0005625685162424301
645	掉	0.0005621515376397022
646	停	0.000562064042064641
647	念	0.0005606173460006849
648	香	0.0005571379121570472
649	究	0.0005557987804715543
650	岁	0.0005557650210906989
651	脚	0.0005555801298134549
652	皮	0.0005550029466639863
653	议	0.0005546679183097238
654	适	0.0005530774220764664
655	章	0.0005528561356520326
656	七	0.0005528327691342508
657	假	0.0005528274494981897
658	爷	0.0005527432134624811
659	米	0.000546418488947121
660	压	0.0005455064045711374
661	阵	0.0005449985125012723
662	巴	0.0005439345896171971
663	雪	0.0005434975876401594
664	痛	0.0005417921225837306
665	遇	0.0005414355004529891
666	约	0.0005409649971180663
667	亮	0.0005381974814649537
668	嘴	0.0005374143308189258
669	乱	0.0005367342596162854
670	组	0.0005365487772621704
671	验	0.0005349773595811454
672	共	0.0005344588934075442
673	异	0.0005342085920613213
674	际	0.0005341083877014219
675	味	0.0005337388308014974
676	型	0.0005315080251372623
677	追	0.0005310471942004615
678	楚	0.0005294699464513567
679	汉	0.0005293433325443221
680	致	0.0005293223384905254
681	属	0.0005289391054723817
682	帝	0.0005271124916460415
683	充	0.0005254664215077106
684	食	0.0005251085529743634
685	严	0.0005248997828683025
686	毛	0.0005247129741161691
687	效	0.0005240729356684164
688	养	0.0005220412428486023
689	梦	0.000520747679297262
690	维	0.0005196401063578686
691	怀	0.0005189797270262328
692	招	0.0005182846154960386
693	歌	0.0005150072403897457
694	举	0.0005149317352992351
695	京	0.0005138708710132479
696	按	0.000513246182826939
697	份	0.0005109157517886873
698	称	0.0005103055820006673
699	剧	0.0005093225463372493
700	示	0.0005084726279273061
701	块	0.0005081063847067776
702	职	0.0005073352974909114
703	沉	0.0005058123350574564
704	刀	0.0005039151108032962
705	陈	0.0005037406817613207
706	板	0.0005028294624115025
707	户	0.0005025965251535621
708	亚	0.000501767068244933
709	娘	0.0005010481676719376
710	攻	0.00049701990018027
711	层	0.0004944354121072044
712	配	0.0004941570213888392
713	激	0.0004929032658688287
714	翻	0.0004921315048141101
715	婚	0.0004920277920459754
716	雨	0.0004853044298477034
717	课	0.0004847276095344291
718	肉	0.000482717263920556
719	卡	0.0004826851864981621
720	料	0.0004810838825922976
721	顺	0.0004802285199924154
722	抱	0.0004785838180772499
723	创	0.000477257288419895
724	铁	0.0004766288180680752
725	疑	0.0004763286144317048
726	兰	0.0004761069863401289
727	环	0.0004721520990097806
728	继	0.0004711171521056718
729	负	0.0004703985223482897
730	玉	0.0004687837380607544
731	睛	0.0004673782240287454
732	营	0.0004670359710915346
733	查	0.0004660735576599233
734	境	0.0004657898337155294
735	温	0.0004653093007554505
736	卖	0.000464448551751711
737	恶	0.0004644428196472345
738	补	0.0004638790767677354
739	木	0.0004634920814584158
740	皇	0.0004628148216495309
741	局	0.0004623634317337737
742	丽	0.0004614838983814676
743	博	0.0004609219195248373
744	跳	0.0004608167482908616
745	店	0.0004607328891841492
746	斗	0.0004602514381897284
747	择	0.0004601276795631085
748	搞	0.0004559214715452068
749	呼	0.0004557421880886439
750	土	0.0004536231005942727
751	牛	0.000453556024565779
752	挺	0.0004517811185674672
753	须	0.0004514293564381063
754	露	0.0004487735011714965
755	印	0.0004486843347891137
756	素	0.0004483831707965422
757	志	0.00044809419322253
758	股	0.0004476764667611294
759	幸	0.0004463089134327134
760	懂	0.0004453389291475199
761	止	0.0004433022190790206
762	旁	0.0004425280275448848
763	坚	0.000442430353705163
764	既	0.0004419871373704319
765	福	0.0004415684959127011
766	右	0.0004413199096234904
767	吸	0.0004412486976062155
768	杨	0.0004403716718271297
769	助	0.0004400739987407859
770	兄	0.0004398481462159848
771	状	0.0004393490594687278
772	呵	0.0004371397507193865
773	密	0.0004360794887937306
774	智	0.0004356934966876724
775	忽	0.0004345650352507742
776	洗	0.0004340683088100138
777	防	0.0004335636637820285
778	赶	0.0004321490852263998
779	景	0.0004306678846297859
780	源	0.0004289435875909824
781	忍	0.0004282083728975077
782	九	0.0004260604426038938
783	顾	0.0004249811715355317
784	熟	0.0004244764563950044
785	永	0.0004241725400311381
786	讨	0.0004239659919804951
787	派	0.0004231153548400523
788	默	0.000422578267878045
789	苏	0.0004218539779290007
790	例	0.0004204079137837608
791	退	0.0004199285797682531
792	恐	0.00041868081718231
793	承	0.0004165495455107468
794	鬼	0.0004150349908304537
795	钟	0.0004147969129717186
796	济	0.0004146786649350412
797	佛	0.0004141236110887667
798	警	0.0004140169062270594
799	雷	0.0004120520086639522
800	卫	0.0004112951007239329
801	短	0.0004111149750795687
802	迷	0.0004108515437270479
803	摇	0.0004098538050609667
804	伙	0.0004091443318498258
805	春	0.0004087549046496162
806	叶	0.0004087013847638676
807	床	0.0004062590137670542
808	划	0.0004060412755958754
809	药	0.0004053135307441648
810	冰	0.0004050018986364014
811	置	0.000404305373826504
812	软	0.0004042001769678698
813	您	0.0004040001502020082
814	粉	0.0004035742937137386
815	聊	0.0004031802970107582
816	银	0.0004031195160709564
817	担	0.0004031043398999424
818	责	0.0004028409441180504
819	醒	0.0004027439945243597
820	忘	0.0004018539493289714
821	版	0.0004011461110118182
822	艺	0.0004009880426546822
823	赛	0.0003986410144841576
824	姑	0.0003977865995150138
825	威	0.0003958350176347476
826	恋	0.0003957137899293483
827	狗	0.0003955405132010833
828	顿	0.0003951565429848164
829	府	0.0003951033227720913
830	呀	0.0003948899110149733
831	套	0.0003944803396228417
832	率	0.0003939236654402039
833	控	0.0003928582422054425
834	词	0.0003915123329520912
835	礼	0.0003909245007562231
836	互	0.0003900673228902767
837	耳	0.0003894902776607453
838	陆	0.000389205509356348
839	育	0.0003888641186766936
840	州	0.0003883446555400646
841	笔	0.0003877555616707476
842	波	0.0003867570152583476
843	掌	0.0003864299930095101
844	渐	0.0003862488624538807
845	麻	0.0003857374797356268
846	莫	0.0003843230289727495
847	松	0.0003823568974949864
848	守	0.000382178698342517
849	淡	0.0003805593375987583
850	贵	0.0003794344046425712
851	富	0.0003783606198118434
852	付	0.0003783043401372054
853	项	0.0003770537045326876
854	预	0.0003755957983754707
855	混	0.0003755347706663099
856	列	0.0003754468465492239
857	闻	0.0003754456324118734
858	余	0.0003728811091324321
859	奶	0.0003718381665079232
860	巨	0.0003715659953255195
861	哭	0.0003710530474213759
862	圈	0.0003706619187215521
863	纪	0.0003701293241434248
864	散	0.0003698482512328074
865	免	0.0003694059160561891
866	察	0.0003688126914442198
867	河	0.0003684265871121043
868	牌	0.0003681626896071042
869	逼	0.0003660116670156272
870	油	0.0003657297378936277
871	偏	0.0003651485273123502
872	升	0.0003648908201832488
873	险	0.000364431270387067
874	略	0.0003641609001689013
875	限	0.0003640324063689429
876	秀	0.0003625187753016225
877	胡	0.0003624222475998373
878	隐	0.0003623379178701546
879	坏	0.0003614210454768664
880	敌	0.00036104870915055
881	良	0.0003598468693132325
882	端	0.000356786975623417
883	救	0.0003551637618008797
884	顶	0.0003547970522636618
885	闪	0.0003547793496494005
886	企	0.0003539823775191329
887	律	0.0003536655031005025
888	狂	0.0003528891208730069
889	沙	0.0003519418062878958
890	毫	0.0003506747873881644
891	弹	0.0003490534418011759
892	烈	0.0003482836692988247
893	抓	0.0003481509683654266
894	脱	0.0003480985029905944
895	谓	0.0003471773944035542
896	纯	0.0003469846821627044
897	善	0.0003465724201639002
898	暴	0.0003460633628824891
899	草	0.0003443342568201788
900	虑	0.0003431908728230837
901	树	0.0003428702139670456
902	胜	0.0003420741581726389
903	菜	0.0003417067805407704
904	供	0.0003416989656586296
905	索	0.0003415361830352868
906	票	0.0003412151169453987
907	增	0.0003409568562555718
908	获	0.000340672964002281
909	硬	0.0003405924974398709
910	缺	0.000340387910015871
911	欧	0.0003402181981139036
912	努	0.0003395854866886354
913	座	0.0003389675235329526
914	野	0.0003384384261752697
915	偷	0.0003380970483574798
916	赵	0.0003375153902331901
917	介	0.0003372924883446074
918	趣	0.000336965151353445
919	韩	0.0003354721932161995
920	圣	0.0003351255062220363
921	编	0.0003347465710862432
922	省	0.0003343813919670524
923	射	0.0003340643100276198
924	堂	0.0003339316686493659
925	仍	0.0003334867555922456
926	蓝	0.0003317994089008201
927	午	0.0003312815757140226
928	刺	0.0003309854996832223
929	烟	0.0003294009314911709
930	借	0.0003266028894368101
931	村	0.0003265504738312812
932	材	0.0003261357015177759
933	阴	0.0003260293046526048
934	怒	0.0003256077999316111
935	弄	0.000325282995129258
936	赞	0.0003235320284791631
937	盘	0.0003225332611168023
938	枪	0.0003211311513522908
939	训	0.0003200323066553067
940	挥	0.0003180101339575947
941	藏	0.0003179347634042638
942	浪	0.0003176555140051593
943	毒	0.0003175034850792704
944	操	0.0003170872163522064
945	寒	0.0003170719668338584
946	销	0.0003168928015769049
947	唱	0.0003159189664529398
948	败	0.000315803623001838
949	牙	0.0003157745791893888
950	私	0.0003157096198045854
951	婆	0.0003154005818789233
952	贴	0.0003139257576679334
953	测	0.0003122707971615528
954	骑	0.0003122407682463532
955	架	0.0003110351961763581
956	曲	0.0003109225706910396
957	夏	0.0003105398170495907
958	临	0.0003104895605738217
959	孙	0.0003103616813941545
960	副	0.0003102848068793902
961	健	0.0003099147020258598
962	泪	0.0003095875483443547
963	阶	0.0003091257298910632
964	虚	0.0003087843450275525
965	禁	0.0003084293334134027
966	宗	0.0003078251345177303
967	尼	0.0003075170587159715
968	街	0.0003072675887273486
969	财	0.0003066412653437191
970	封	0.0003064849493887281
971	归	0.0003062767410576318
972	杂	0.0003060449103226388
973	恩	0.0003059896140855205
974	占	0.0003052189404780993
975	蛋	0.0003052113966158346
976	卷	0.0003050584275772329
977	欲	0.0003041188398600304
978	宫	0.0003037102803007268
979	透	0.0003033971901539334
980	舍	0.0003032847581291851
981	著	0.0003032420726047084
982	舞	0.0003030175460110626
983	释	0.0003025145875151814
984	缓	0.0003024262581090818
985	君	0.0003021509637302191
986	骂	0.0003017488194664723
987	辈	0.0003014675744034593
988	呆	0.000300678551900856
989	雅	0.0003003952448051409
990	误	0.0002994894779266815
991	鱼	0.0002990495502553947
992	鸡	0.0002983150958393211
993	尤	0.0002982552111235325
994	遍	0.0002981711694807601
995	骨	0.0002975841176049197
996	触	0.0002974366795598779
997	积	0.0002961248117627286
998	篇	0.0002957651107978931
999	爆	0.0002956355751446201
1000	啥	0.0002954543686331766
1001	构	0.0002953380634558135
1002	颜	0.0002950683457350751
1003	鲜	0.0002946441453241298
1004	腿	0.0002943383970295687
1005	弱	0.0002939232420720346
1006	判	0.0002920703229064775
1007	桌	0.0002917837049373067
1008	移	0.0002915023601368664
1009	码	0.0002910443657061227
1010	纸	0.0002901491269703043
1011	党	0.0002893762940675524
1012	范	0.0002892994852199268
1013	享	0.0002873670677638283
1014	款	0.0002867864987554677
1015	烦	0.000285313450665817
1016	逃	0.0002850753704714056
1017	休	0.0002847548411425708
1018	摸	0.0002841970893663376
1019	握	0.0002835238471043502
1020	唯	0.0002834513405166177
1021	拥	0.0002831455735515308
1022	采	0.000283108694517103
1023	摆	0.0002815431739142284
1024	农	0.0002815099090383874
1025	益	0.0002807041949094917
1026	镜	0.000279507824479607
1027	避	0.0002794893074383781
1028	柔	0.0002794377933694916
1029	录	0.0002790238926297998
1030	园	0.0002787102358982467
1031	厉	0.0002784926448954014
1032	货	0.0002784243779404755
1033	抗	0.0002761400495526616
1034	旅	0.0002761122377487236
1035	犯	0.0002759270929861809
1036	典	0.0002758289343275353
1037	挂	0.0002752922252038431
1038	批	0.000274776404281805
1039	秘	0.0002747531647920201
1040	田	0.0002737056773807602
1041	喊	0.0002725776963194231
1042	寻	0.0002721007861020036
1043	湖	0.0002719627372783995
1044	虎	0.000271391813813245
1045	折	0.0002713231983157885
1046	屋	0.0002705849858164294
1047	尊	0.0002699121563601209
1048	弃	0.0002695539887515736
1049	罪	0.0002687394646829739
1050	抽	0.000268646700610535
1051	胸	0.0002680304170735561
1052	庭	0.0002675902993468232
1053	唐	0.0002671416240962369
1054	齐	0.0002669114615587252
1055	漫	0.0002664905707183558
1056	挑	0.0002664437582227834
1057	括	0.0002659118505075427
1058	震	0.0002655904623995783
1059	旧	0.00026558840093417
1060	含	0.0002653870249834617
1061	傻	0.0002650631222192248
1062	仙	0.0002648639007581334
1063	降	0.0002646163012430257
1064	雄	0.0002636726363579611
1065	彩	0.0002635853280290044
1066	凡	0.0002635415398590094
1067	叔	0.0002634443502078181
1068	述	0.000260475892317488
1069	秋	0.0002603726140364414
1070	啦	0.0002593616938582665
1071	舒	0.0002593182570686324
1072	洋	0.0002581772720925469
1073	扬	0.0002574664779941574
1074	吴	0.0002561465181850375
1075	宁	0.0002558619215967019
1076	叹	0.0002557196135007481
1077	尚	0.0002553281515902954
1078	减	0.0002552895771682477
1079	输	0.0002549083221450737
1080	估	0.0002545192227132638
1081	托	0.000253801144448293
1082	宣	0.0002534937783919182
1083	吐	0.0002531834263220757
1084	蒙	0.0002530808592881136
1085	漂	0.000253017729496288
1086	晓	0.0002524432621486191
1087	危	0.0002523570981824145
1088	惯	0.0002522691140100708
1089	施	0.0002520585350532732
1090	诗	0.0002517927185757645
1091	累	0.0002516066047718371
1092	策	0.0002515615262399551
1093	秦	0.0002511551375023971
1094	闹	0.0002509308737089466
1095	伸	0.000250784691156138
1096	猛	0.0002506836186316307
1097	稳	0.0002502339851257276
1098	偶	0.0002501046806418694
1099	纳	0.0002498111890412597
1100	猫	0.0002481674808142777
1101	灯	0.0002480357108788771
1102	陪	0.0002477303806686938
1103	迎	0.0002472775967497449
1104	绿	0.0002468946345825056
1105	船	0.000246821501822299
1106	困	0.0002466584110015586
1107	键	0.0002463493255764495
1108	杰	0.0002457851735691994
1109	劳	0.000245471179448296
1110	荐	0.0002444922890933173
1111	频	0.0002441839474513109
1112	康	0.0002441042584070693
1113	附	0.0002437876386402153
1114	狠	0.0002436152994562355
1115	残	0.0002434716318888003
1116	盖	0.0002434671223388157
1117	杯	0.0002431805236413951
1118	餐	0.0002411595808112578
1119	束	0.0002407387614860606
1120	墙	0.0002403554533148691
1121	恨	0.0002402933977447649
1122	宇	0.0002401770150420264
1123	刷	0.0002399297918255216
1124	委	0.0002395321757863665
1125	烧	0.0002386380781391361
1126	核	0.0002381720884928671
1127	孤	0.0002380300286028329
1128	馆	0.0002375150891096706
1129	茶	0.0002373501318563744
1130	仿	0.0002372463333811951
1131	悲	0.0002370615010531096
1132	碰	0.0002368628043591133
1133	狼	0.0002367988006896878
1134	勇	0.0002367699537110434
1135	眉	0.0002367512135829984
1136	甲	0.0002366058846995923
1137	探	0.0002364289083038368
1138	咱	0.0002355086401972744
1139	轮	0.000235319968817392
1140	洲	0.0002351560959048404
1141	巧	0.0002343530353143695
1142	梅	0.0002337025522337866
1143	吓	0.0002335268191361245
1144	距	0.0002327883186136349
1145	窗	0.000232246927221629
1146	抬	0.0002318955813390423
1147	伴	0.0002313407279630878
1148	执	0.0002295699801330391
1149	俩	0.0002295462940991083
1150	伯	0.0002291724937568089
1151	融	0.0002291649046337437
1152	嘛	0.0002290946648994477
1153	灭	0.0002283571757707313
1154	妇	0.0002283270031934335
1155	伊	0.0002282120426869729
1156	幻	0.0002280931063508486
1157	凌	0.0002277658387685324
1158	袋	0.0002273428097421862
1159	稍	0.0002268807075462769
1160	购	0.0002268387962630837
1161	忆	0.0002251200958911008
1162	亡	0.0002246349816684046
1163	吹	0.0002245279157042748
1164	丁	0.0002243118130988899
1165	哦	0.0002239531172156518
1166	宿	0.000223748499127848
1167	劲	0.0002237325721958714
1168	紫	0.0002233813602187106
1169	昨	0.0002231375086699057
1170	洞	0.0002225944655136583
1171	惜	0.00022236670266216
1172	奥	0.0002219813012936687
1173	港	0.0002209886101030626
1174	骗	0.0002206309619530624
1175	织	0.0002188113473441557
1176	载	0.0002186208497791405
1177	隔	0.0002181874372419489
1178	序	0.0002180379636187579
1179	拜	0.0002178991505738231
1180	厚	0.0002170875258086991
1181	域	0.000216797118753815
1182	厅	0.0002161727604748019
1183	腾	0.0002160184310296319
1184	析	0.0002157763647494515
1185	奋	0.0002157253794913402
1186	搜	0.0002157194103001942
1187	川	0.0002146932451447439
1188	剩	0.0002145636320332761
1189	纷	0.0002143154499012119
1190	针	0.000213586869412749
1191	检	0.0002135818835261219
1192	妙	0.0002135720640981089
1193	抢	0.0002135703278950918
1194	肤	0.0002135324660250489
1195	兽	0.0002125295831162162
1196	祖	0.0002124414132320386
1197	圆	0.0002124377354427376
1198	闭	0.0002119579002028749
1199	邀	0.0002113060728483514
1200	聚	0.0002108668651778737
1201	冒	0.0002103885807298064
1202	零	0.0002103238327086238
1203	帅	0.0002103085842237527
1204	敬	0.0002102881625708593
1205	均	0.0002096790952268157
1206	童	0.0002092520549331778
1207	诸	0.0002087665459394936
1208	伟	0.0002087641194318145
1209	凭	0.0002083647047606967
1210	姓	0.0002080179453176349
1211	朱	0.0002079815769575003
1212	登	0.000207360834705887
1213	飘	0.0002069893097644454
1214	羽	0.0002069846819069383
1215	乡	0.0002068487528322168
1216	诚	0.0002065196289017576
1217	妻	0.0002056392147204397
1218	播	0.0002056299913025705
1219	遗	0.0002056142185507177
1220	镇	0.0002056125210615333
1221	肩	0.0002053399716737019
1222	豆	0.0002050976051145122
1223	魂	0.0002042298576296049
1224	吉	0.0002039970187071419
1225	疼	0.0002037063776436524
1226	替	0.000203184221654902
1227	缘	0.0002030854380913711
1228	幕	0.0002027781055033804
1229	伦	0.000202618235743632
1230	搭	0.0002026080747509483
1231	腰	0.0002025629386033167
1232	堆	0.0002025403356737514
1233	疯	0.0002023333837027944
1234	鲁	0.0002019934659584184
1235	奔	0.0002019915550006477
1236	础	0.0002018183427343518
1237	萧	0.000200286646346856
1238	珠	0.0001989466290252769
1239	敏	0.0001986967471965913
1240	宋	0.0001984440386130792
1241	岛	0.0001983581971040055
1242	貌	0.0001983407240882374
1243	欣	0.0001983108037259286
1244	绍	0.0001981486385240562
1245	炸	0.0001981166020514207
1246	鼓	0.0001977916562965604
1247	闲	0.0001974517471030068
1248	嘿	0.000197340139058316
1249	徐	0.0001967831183370021
1250	征	0.0001965675542264422
1251	描	0.0001965584515549234
1252	拼	0.0001965093136245489
1253	辑	0.0001963498560360047
1254	仔	0.0001962697264612217
1255	湾	0.000195990704524435
1256	厂	0.0001954807781738586
1257	洛	0.0001951518557886091
1258	络	0.0001950372631296796
1259	革	0.0001949902527315347
1260	森	0.0001949701932830817
1261	瞬	0.0001949221243282997
1262	犹	0.0001942756808397351
1263	赚	0.0001940386424979581
1264	监	0.0001939687825691804
1265	航	0.0001935609761418066
1266	糊	0.0001921399499554646
1267	季	0.0001919709480642026
1268	胖	0.0001919277950877681
1269	凤	0.0001919152554532848
1270	徒	0.0001914337835130403
1271	逐	0.0001910137681904139
1272	丰	0.0001899963549225843
1273	丢	0.0001897337744688163
1274	峰	0.0001893894015526924
1275	固	0.0001893105389218946
1276	拳	0.0001890454676301186
1277	荣	0.0001886717708972341
1278	净	0.0001885108838990799
1279	妖	0.0001883506350015378
1280	培	0.0001875581622689813
1281	贝	0.0001871541069158234
1282	末	0.0001870714068706509
1283	菲	0.0001867305795755747
1284	塞	0.0001863723328388405
1285	尖	0.0001861614274165228
1286	审	0.0001860060465296577
1287	诺	0.0001859547426551934
1288	迅	0.0001854142022284408
1289	丹	0.0001853860648296096
1290	竞	0.0001849704528058228
1291	戴	0.0001849576509370777
1292	额	0.0001849366686750172
1293	插	0.0001849080840317455
1294	娜	0.0001848729328510543
1295	鼻	0.0001843309214942382
1296	豪	0.0001838952816208892
1297	穷	0.0001836815443306169
1298	罢	0.000183368944417848
1299	横	0.0001824211728689556
1300	侧	0.0001822770889217454
1301	碎	0.0001818854500525032
1302	亦	0.0001810810739484718
1303	摄	0.0001810043127298931
1304	粗	0.0001807448774817337
1305	冬	0.0001799484039707421
1306	庄	0.0001798085044129166
1307	迫	0.0001797682277923202
1308	撞	0.0001797420886964067
1309	柳	0.0001796427270230617
1310	阅	0.0001789080429711637
1311	绩	0.0001787302291702734
1312	符	0.000178728541299999
1313	猜	0.000178371939547787
1314	扎	0.000178285912628852
1315	炮	0.0001778894870112543
1316	滚	0.0001775728391877159
1317	协	0.0001768807658105797
1318	宜	0.0001763350034161989
1319	途	0.00017602365732227
1320	奖	0.0001758912200590139
1321	庆	0.0001757255894350891
1322	奈	0.0001756337954056219
1323	损	0.000175539887603545
1324	舰	0.0001748798559112428
1325	摩	0.0001744351711178462
1326	惨	0.0001743738237235647
1327	尝	0.0001742287809897147
1328	谷	0.000173728030993214
1329	磨	0.0001737080390142126
1330	耐	0.0001733307621916694
1331	辛	0.0001731082725455528
1332	拒	0.0001728793174328529
1333	孔	0.0001727201133961078
1334	厌	0.0001723709945137755
1335	屁	0.000171294843565849
1336	佳	0.0001712559541714459
1337	割	0.0001709598089313006
1338	尸	0.0001709535528265242
1339	售	0.0001709119974009852
1340	灰	0.0001707916346281226
1341	宽	0.000170665250124161
1342	媒	0.0001706579378988546
1343	迹	0.0001704765901363324
1344	拖	0.0001700454661916442
1345	尾	0.0001700271123489048
1346	凉	0.0001698782928259527
1347	躲	0.0001697800247458298
1348	壁	0.0001697714606383573
1349	签	0.0001696426998947729
1350	咬	0.0001695184463987469
1351	盛	0.0001689805160200414
1352	躺	0.0001689603627466543
1353	扑	0.0001686535539594624
1354	县	0.0001686319890437942
1355	坦	0.0001683859435946459
1356	幽	0.0001679483194480819
1357	艾	0.000166964088920424
1358	俗	0.0001665157483489168
1359	番	0.000166513874667738
1360	箭	0.000166503786023522
1361	绪	0.0001663437081722762
1362	汗	0.0001660537716107627
1363	潜	0.0001653945132246573
1364	洁	0.0001652319526186827
1365	晨	0.0001651922659342474
1366	玄	0.0001651579789457458
1367	龄	0.0001648637948656072
1368	扫	0.0001646620630918555
1369	炼	0.0001642637626232002
1370	泡	0.0001640835868444609
1371	肌	0.0001640259785969374
1372	授	0.0001639117625738742
1373	鞋	0.0001637870073879905
1374	旦	0.0001637419536406694
1375	疗	0.0001635414888787637
1376	酸	0.0001633498097422653
1377	猪	0.0001631071482852366
1378	陷	0.0001626836470982486
1379	塔	0.0001619957326575311
1380	废	0.0001619790535918109
1381	丈	0.0001618851973633905
1382	胆	0.00016157190594079
1383	暖	0.0001614301067459855
1384	烂	0.0001613810084618096
1385	燕	0.000160943319483443
1386	租	0.0001607990819552927
1387	锋	0.0001607163168801769
1388	臣	0.0001607046634158234
1389	甜	0.0001599923139479146
1390	屏	0.0001596387042872346
1391	喷	0.0001595533399175695
1392	瓶	0.0001591954595612765
1393	译	0.0001591551121631342
1394	悉	0.0001591528888034763
1395	扯	0.0001590293101465293
1396	梁	0.0001585614268131062
1397	袭	0.0001585244381556593
1398	饮	0.0001584053274970339
1399	颗	0.0001582429618886209
1400	彻	0.000157251153963814
1401	爬	0.0001571825054343071
1402	谋	0.0001571738978059277
1403	阻	0.0001570162417204268
1404	申	0.0001569488430346209
1405	迟	0.0001567556978138252
1406	抵	0.0001566461536034692
1407	暂	0.0001566310079272874
1408	延	0.0001560330214499137
1409	倾	0.0001559549570455951
1410	琴	0.0001556829926823385
1411	俊	0.00015528026372992
1412	荡	0.0001550853910896809
1413	滑	0.0001548993217091773
1414	启	0.0001545242147719325
1415	珍	0.000154345567039573
1416	席	0.0001543374758629385
1417	萨	0.0001535825186286799
1418	挡	0.0001533269386979457
1419	赏	0.0001532225434729557
1420	迪	0.0001532082872078177
1421	愤	0.0001528283981996919
1422	霸	0.0001527475484225578
1423	拔	0.0001524735782750092
1424	郁	0.0001519342548594084
1425	悄	0.0001510054862760877
1426	钢	0.000150906610890797
1427	擦	0.0001506627868999235
1428	杜	0.0001504419326845593
1429	鸟	0.0001503557839837562
1430	染	0.0001502945031570897
1431	浮	0.000150125897674918
1432	怨	0.0001499772259188029
1433	潮	0.0001499624876718911
1434	傲	0.0001497246320015365
1435	库	0.0001494078957634032
1436	仇	0.0001492965481153706
1437	央	0.0001492446265812431
1438	哼	0.0001489668913338571
1439	淘	0.000148848107405393
1440	聪	0.0001486584268398546
1441	遭	0.0001486430584439693
1442	醉	0.0001485611764656807
1443	仁	0.0001483838034620138
1444	侵	0.0001483787705787739
1445	链	0.0001482089880987617
1446	惑	0.0001476479465916769
1447	郑	0.0001473040411933309
1448	抖	0.000146684667262593
1449	忠	0.0001466239624760659
1450	恰	0.000146306975961658
1451	泰	0.000146222349594923
1452	缩	0.0001462197161656254
1453	慕	0.000145886974769165
1454	朵	0.0001456604958995171
1455	翼	0.0001455836495757984
1456	截	0.0001454010926811406
1457	朗	0.0001451301219416076
1458	懒	0.0001446232540852874
1459	肚	0.0001439739741876956
1460	乌	0.0001439572960909924
1461	挣	0.0001438050449455135
1462	递	0.0001436910835070461
1463	辆	0.0001434191652039552
1464	瘦	0.0001433675870361309
1465	仰	0.0001432087095639763
1466	娇	0.0001429170260113372
1467	汽	0.0001428725964000655
1468	闷	0.0001426256648147178
1469	筑	0.0001425676472996406
1470	欺	0.0001423176245184478
1471	毁	0.0001422282657144134
1472	访	0.0001417255767014169
1473	夺	0.0001411991686875794
1474	熊	0.0001410205608355304
1475	汤	0.0001409470766583116
1476	旗	0.000140781198763554
1477	逻	0.0001406400757785689
1478	盯	0.000140553481038495
1479	哲	0.0001404678056675324
1480	爹	0.0001403768009784994
1481	沈	0.0001403560362605951
1482	曹	0.0001400364556305864
1483	尘	0.0001398128076591956
1484	旋	0.0001395859956773091
1485	献	0.0001393688968750114
1486	忧	0.0001393028821765255
1487	肥	0.0001392981622970772
1488	凯	0.0001390882881421876
1489	症	0.0001390857623639443
1490	泽	0.0001387426906317463
1491	详	0.0001385396848282363
1492	裂	0.0001384791266413882
1493	瑞	0.0001383740018977901
1494	涉	0.0001381652057361785
1495	焦	0.0001379511635932543
1496	爽	0.0001378974195817711
1497	郭	0.0001378789446594992
1498	彼	0.0001375818123772088
1499	盗	0.0001374030542862446
1500	壮	0.0001369872394516999
1501	凝	0.0001369745065561474
1502	浓	0.0001369472509519442
1503	箱	0.0001369396733871837
1504	盟	0.0001366705418262883
1505	麦	0.0001363387002279372
1506	姿	0.000136317884104668
1507	蛮	0.0001361441841137572
1508	薄	0.0001356931086743232
1509	怜	0.0001355373025569288
1510	晃	0.0001349998158153175
1511	纵	0.000134924350336395
1512	滴	0.0001347528128159086
1513	遥	0.0001346482329492129
1514	晶	0.00013447329670797
1515	患	0.0001344605573305897
1516	曼	0.0001343168959450503
1517	亿	0.0001339607723650438
1518	裤	0.0001338508397311664
1519	悟	0.0001337894644132013
1520	脏	0.0001337300941106925
1521	搬	0.0001336612870913801
1522	莱	0.0001331616324917747
1523	戒	0.0001329873063928497
1524	扭	0.0001329769320333709
1525	邪	0.0001329691848235838
1526	币	0.0001329409902738257
1527	悠	0.0001329066976741232
1528	姆	0.0001328916100493446
1529	繁	0.0001327630923680223
1530	赢	0.0001323847457671205
1531	甘	0.0001319017518619613
1532	吵	0.0001317849427907045
1533	俄	0.0001316897488366717
1534	伏	0.0001313924719945277
1535	昏	0.0001313286395057598
1536	勒	0.0001312071136290376
1537	苍	0.0001311811734047138
1538	乃	0.0001304670733057632
1539	殿	0.0001304420374233422
1540	扔	0.000130368730038662
1541	妆	0.0001303192195140606
1542	抛	0.0001302880366470481
1543	撒	0.0001302527152519957
1544	夸	0.0001301545596334024
1545	郎	0.0001300862939175765
1546	秒	0.0001300577445450016
1547	锁	0.0001298464998319505
1548	氏	0.0001296725898474791
1549	羞	0.00012952085171333
1550	汇	0.0001294925064903636
1551	羊	0.0001294473923864924
1552	踏	0.0001288004621735396
1553	卧	0.0001286027359886981
1554	绕	0.0001285381607211355
1555	慰	0.0001283328095426681
1556	恢	0.0001282175210350564
1557	丑	0.0001282095967972585
1558	凶	0.0001279393032372423
1559	劝	0.0001279229660008339
1560	玛	0.0001274932674261568
1561	铺	0.0001274421529027626
1562	辞	0.0001270500015229841
1563	疾	0.0001267144120594412
1564	臂	0.000126612571337784
1565	乘	0.0001264842901710757
1566	傅	0.0001264052917653585
1567	姨	0.000126341718904413
1568	页	0.0001262873360248423
1569	幼	0.0001262098086143286
1570	佩	0.0001260846957677978
1571	赤	0.0001259959574273265
1572	哎	0.0001255227369911256
1573	税	0.0001249510771577425
1574	浩	0.0001246366530636953
1575	驾	0.0001245213566390556
1576	浑	0.0001244391465266152
1577	锅	0.0001242494693655208
1578	抑	0.0001242138271168293
1579	跃	0.0001239552125399527
1580	桥	0.0001238805024994674
1581	仪	0.0001235201278633909
1582	雾	0.0001229642717143869
1583	莉	0.0001228818983688464
1584	慧	0.0001226906051512213
1585	睁	0.00012260798754165
1586	询	0.0001224193436179079
1587	夹	0.0001218750318782125
1588	纠	0.0001218384173153326
1589	慌	0.0001217634486167222
1590	萌	0.000120990821230918
1591	悔	0.0001209854983593848
1592	扶	0.0001209585338488939
1593	液	0.0001208775136246473
1594	祝	0.0001207070857309402
1595	酷	0.000120613773742907
1596	嗯	0.0001205478006958346
1597	愣	0.0001205318329124897
1598	敲	0.0001201798887770314
1599	脆	0.0001199113507576027
1600	奏	0.0001198563343212134
1601	皆	0.0001196184928461322
1602	挤	0.0001194929837920529
1603	殊	0.0001193741343993523
1604	坑	0.0001193413747867849
1605	饰	0.0001190653605435149
1606	惧	0.0001190635875334898
1607	丫	0.0001189153719397501
1608	冠	0.0001188099417063047
1609	唇	0.000118535912539016
1610	牵	0.0001183423558785203
1611	贼	0.0001182314724082813
1612	掩	0.0001179086830444211
1613	撕	0.0001177730264247758
1614	辣	0.0001177434425465797
1615	池	0.0001175743177402222
1616	轰	0.0001174669845332147
1617	嫌	0.0001174563077565108
1618	荒	0.0001174329539994824
1619	映	0.0001174032523145575
1620	浅	0.000117257298493016
1621	御	0.0001170216861577653
1622	弯	0.0001167880417622406
1623	衡	0.0001166414797018049
1624	竹	0.0001164280294310355
1625	润	0.0001163711917523093
1626	沟	0.0001160171507470649
1627	颤	0.0001159502293024588
1628	扣	0.0001156885831832716
1629	莲	0.0001156872496017701
1630	辩	0.0001154695885542436
1631	篮	0.0001153619932799055
1632	湿	0.0001153288826534095
1633	芒	0.0001151944249437248
1634	耗	0.0001149026817680805
1635	侠	0.0001148275434895835
1636	矛	0.0001145645114823735
1637	涌	0.000114539289922049
1638	乔	0.000114193124721429
1639	艳	0.0001141417189720018
1640	钻	0.000114066289800654
1641	喂	0.0001140447950287375
1642	瓜	0.0001139782198540852
1643	辉	0.0001139365185339233
1644	赖	0.000113879051473699
1645	违	0.0001137485946768105
1646	苹	0.000113740217650552
1647	脉	0.0001137396176632284
1648	倍	0.0001134290177552591
1649	档	0.0001131367219546563
1650	瞧	0.0001130589841502191
1651	刑	0.000113031400310753
1652	洪	0.0001127864258770227
1653	亏	0.0001125883082618578
1654	嫁	0.0001121779565184888
1655	耀	0.0001120285566131456
1656	蛇	0.0001119117520517519
1657	允	0.0001113572507272842
1658	碗	0.0001113547361734832
1659	督	0.0001108347754883865
1660	寂	0.0001106052415309671
1661	匆	0.0001105703576935845
1662	奴	0.0001105658602345879
1663	撑	0.0001104729914154253
1664	扰	0.0001104027971047798
1665	芳	0.0001103621064760558
1666	泥	0.0001103524467375762
1667	综	0.0001101801671718401
1668	晕	0.0001099986941537846
1669	乏	0.0001098067059533428
1670	皱	0.0001097968413663205
1671	吻	0.0001097653536106851
1672	埋	0.0001092534467598107
1673	腹	0.000109252604978494
1674	屈	0.0001091738075819021
1675	涂	0.0001088524592857071
1676	讯	0.0001088344328428945
1677	棒	0.0001088125736285711
1678	丧	0.0001087416484299375
1679	咖	0.0001086082832100966
1680	奉	0.0001085461790079979
1681	瞪	0.0001081069143202743
1682	乖	0.0001078134327050069
1683	幅	0.0001074636597577265
1684	穆	0.0001072691393012948
1685	槽	0.0001071302953577641
1686	墨	0.0001069963796186104
1687	嘉	0.0001064681640901661
1688	盾	0.0001062913655563971
1689	宾	0.0001059939487280423
1690	尴	0.0001057393512970202
1691	兼	0.0001057251452341181
1692	蜜	0.0001056714491204041
1693	隆	0.0001055313583392944
1694	泛	0.0001055161240822667
1695	孟	0.000105503053967016
1696	扩	0.0001054055447643849
1697	糖	0.0001053269406607519
1698	炎	0.0001052634623270759
1699	予	0.000105103037102498
1700	糟	0.0001050556188061792
1701	膀	0.0001049752480393076
1702	炒	0.0001049474328614549
1703	伍	0.0001047292318499727
1704	崇	0.0001047193939488944
1705	娃	0.000104420327795126
1706	虫	0.0001041937969528191
1707	陌	0.0001041367120378708
1708	燃	0.0001031661125691733
1709	勤	0.0001031065629348671
1710	删	0.0001030352707206376
1711	岸	0.0001029368830647232
1712	魅	0.0001026328894760937
1713	柜	0.0001025658543654687
1714	稀	0.0001025094871122522
1715	鸣	0.0001024638346791267
1716	嘻	0.0001023569141454774
1717	卓	0.0001022141072321068
1718	缠	0.0001021222995746602
1719	猎	0.0001019063720578913
1720	狱	0.000101719501580508
1721	痴	0.0001016375219032573
1722	饿	0.0001015212055353823
1723	抄	0.0001014688611735824
1724	蒋	0.0001010503875253153
1725	凑	0.0001009277682888025
1726	董	0.0001009184625724141
1727	抹	0.0001008962443267032
1728	拾	0.0001007299103700009
1729	肃	0.0001006083239704776
1730	抚	0.0001005426094492097
1731	踪	0.0001004157806743596
1732	赌	0.0001003863974042458
1733	吼	0.0001002614773498804
1734	狐	0.0001002544031103592
1735	椅	0.0001001424890410971
1736	臭	0.0001001127058902682
1737	促	0.000100035398594379
1738	玲	9.998967384739637e-05
1739	厨	9.989040182162433e-05
1740	枫	9.964644592917937e-05
1741	逆	9.958999179767911e-05
1742	怖	9.954069230419654e-05
1743	豫	9.949759767977743e-05
1744	鹰	9.944405394319436e-05
1745	尺	9.943649869023645e-05
1746	沿	9.939214453398527e-05
1747	侯	9.92668936725282e-05
1748	跪	9.92625926469737e-05
1749	堪	9.91731020743686e-05
1750	帐	9.915086759627965e-05
1751	妮	9.910290996843917e-05
1752	盈	9.900459626108334e-05
1753	痕	9.894726063624753e-05
1754	匿	9.87770346853921e-05
1755	趁	9.87070677054241e-05
1756	贫	9.863603679036949e-05
1757	踢	9.838165984244497e-05
1758	梯	9.832129397953858e-05
1759	勾	9.824001295827099e-05
1760	嘲	9.823294840484034e-05
1761	障	9.819406792837217e-05
1762	径	9.806219999203676e-05
1763	茫	9.801239263088182e-05
1764	扮	9.792960256966326e-05
1765	逛	9.74931409223334e-05
1766	励	9.739540589412635e-05
1767	伪	9.705890721238528e-05
1768	挖	9.705621756860784e-05
1769	宠	9.684592679779088e-05
1770	轩	9.673762264733529e-05
1771	颇	9.630440961552779e-05
1772	召	9.611363659067491e-05
1773	啪	9.611321255987356e-05
1774	植	9.610771159088152e-05
1775	滋	9.598113857050598e-05
1776	账	9.594359975881832e-05
1777	唤	9.573420461283076e-05
1778	砸	9.560587845472459e-05
1779	纹	9.553472435585208e-05
1780	跨	9.546205710888873e-05
1781	舌	9.533856870346003e-05
1782	泉	9.526446429678989e-05
1783	摔	9.524458842127497e-05
1784	乳	9.473220276168e-05
1785	肖	9.458427876244625e-05
1786	溜	9.456771556610067e-05
1787	援	9.440127963468485e-05
1788	桃	9.431826692026324e-05
1789	忌	9.415726776051146e-05
1790	赫	9.410963238894025e-05
1791	振	9.409492634146336e-05
1792	讶	9.402217118273932e-05
1793	琳	9.397402583921037e-05
1794	晴	9.397165083596662e-05
1795	氛	9.368641230692124e-05
1796	悦	9.357467673480046e-05
1797	添	9.337936633603001e-05
1798	岳	9.334610784226624e-05
1799	瞎	9.318457302415927e-05
1800	裁	9.315085395858778e-05
1801	鼠	9.302539497306341e-05
1802	邦	9.293547232098856e-05
1803	翔	9.275001609028514e-05
1804	涨	9.215300139101543e-05
1805	惠	9.196798822943204e-05
1806	哀	9.169011944237226e-05
1807	惹	9.162813338018468e-05
1808	腐	9.158172213402708e-05
1809	订	9.148259153034626e-05
1810	井	9.136183922990368e-05
1811	瓦	9.125844207131975e-05
1812	恭	9.073351480595686e-05
1813	甩	9.047421526621649e-05
1814	污	9.034795538263346e-05
1815	辅	9.023290442515339e-05
1816	魏	9.022534025562096e-05
1817	垂	9.012526509518434e-05
1818	奸	9.000272562133309e-05
1819	饱	8.991626845917144e-05
1820	棋	8.991517493244969e-05
1821	薪	8.988284235612541e-05
1822	吞	8.974818109873693e-05
1823	窝	8.965881143873316e-05
1824	贾	8.920485192593427e-05
1825	返	8.896973686906847e-05
1826	牢	8.893573128682831e-05
1827	剪	8.880528076886543e-05
1828	垃	8.879257923673144e-05
1829	庞	8.870567436394632e-05
1830	砍	8.86829351240575e-05
1831	脖	8.854812466191104e-05
1832	掏	8.827343544932017e-05
1833	吟	8.826869068760108e-05
1834	硕	8.813841235324332e-05
1835	粮	8.78502673067099e-05
1836	啡	8.784406804884729e-05
1837	廷	8.782418282178445e-05
1838	桑	8.780707187677583e-05
1839	填	8.771384225580284e-05
1840	盒	8.754285575814362e-05
1841	孕	8.747330071526812e-05
1842	璃	8.745632324275273e-05
1843	岂	8.743377248738817e-05
1844	籍	8.727181694589414e-05
1845	谱	8.70865161310135e-05
1846	邮	8.70213605143099e-05
1847	玻	8.682900149346526e-05
1848	恼	8.678368060233675e-05
1849	贪	8.67768840612999e-05
1850	拟	8.665029620981597e-05
1851	鉴	8.66084576428834e-05
1852	妥	8.655701915997755e-05
1853	罚	8.645621538276943e-05
1854	寸	8.645080790416894e-05
1855	坛	8.620002601001213e-05
1856	劫	8.613042143398584e-05
1857	册	8.609267145885879e-05
1858	脂	8.598926294351198e-05
1859	愈	8.575770456384463e-05
1860	漠	8.554913225924531e-05
1861	姻	8.487568795193486e-05
1862	疲	8.481714566976252e-05
1863	津	8.479627106011674e-05
1864	勉	8.476145035129433e-05
1865	葛	8.46256092236243e-05
1866	荷	8.448584711071021e-05
1867	诱	8.42828985918082e-05
1868	娱	8.422027222497259e-05
1869	袖	8.399907865237458e-05
1870	匹	8.393672106676853e-05
1871	枝	8.38715100709213e-05
1872	贤	8.384063115540437e-05
1873	齿	8.374063375309454e-05
1874	欠	8.371773936406472e-05
1875	胎	8.325787706352441e-05
1876	逗	8.325773514131983e-05
1877	崩	8.30689610871094e-05
1878	歉	8.280819616404663e-05
1879	尬	8.269728543784885e-05
1880	岗	8.262152910000599e-05
1881	驱	8.242892210735359e-05
1882	黎	8.235784276116616e-05
1883	卑	8.233638519798075e-05
1884	鹿	8.218115361630443e-05
1885	覆	8.212838231937245e-05
1886	泄	8.1914649773075e-05
1887	罩	8.177730491672288e-05
1888	吕	8.169193202948565e-05
1889	碧	8.16282436004578e-05
1890	措	8.151286734733637e-05
1891	撤	8.151084733384053e-05
1892	寄	8.148274123124727e-05
1893	辱	8.146984216365328e-05
1894	吊	8.131588096909809e-05
1895	悬	8.127568387841192e-05
1896	兔	8.109456224071742e-05
1897	蒂	8.103600385916773e-05
1898	裙	8.098424906505587e-05
1899	眠	8.084006902237521e-05
1900	寝	8.079936215991268e-05
1901	拆	8.060107797234345e-05
1902	跌	8.057075191657704e-05
1903	歪	8.05626483476621e-05
1904	慎	8.055540726837467e-05
1905	俱	8.050388080652754e-05
1906	塑	8.04451502400123e-05
1907	耶	8.014011279353347e-05
1908	斜	8.012444385195711e-05
1909	宏	8.012166696346354e-05
1910	届	8.011927252017792e-05
1911	坡	8.00737929390625e-05
1912	侍	8.001787152765635e-05
1913	脾	7.982000154975656e-05
1914	拦	7.981308770414485e-05
1915	叛	7.977763671130752e-05
1916	袁	7.962856467343433e-05
1917	弥	7.956472203035225e-05
1918	唉	7.956426182701752e-05
1919	汪	7.948230723357945e-05
1920	拨	7.941399164869975e-05
1921	尿	7.936703165161175e-05
1922	弓	7.935832963168442e-05
1923	漏	7.934422046565858e-05
1924	冯	7.934049087131007e-05
1925	斤	7.928050945746616e-05
1926	堡	7.908923671540048e-05
1927	渣	7.90708633654387e-05
1928	循	7.901956627069365e-05
1929	柱	7.891632426193095e-05
1930	串	7.850005623720236e-05
1931	谅	7.84650678532775e-05
1932	孝	7.804442214756582e-05
1933	裸	7.796477625575819e-05
1934	械	7.794192548874634e-05
1935	催	7.781288230474334e-05
1936	刹	7.768458604160531e-05
1937	缝	7.76571266562667e-05
1938	锐	7.757710787234087e-05
1939	歧	7.749541898614964e-05
1940	霍	7.748565146293475e-05
1941	烤	7.747843149300113e-05
1942	洒	7.724756067991606e-05
1943	艰	7.708425539036255e-05
1944	逸	7.705973756249804e-05
1945	骚	7.702064121254598e-05
1946	愧	7.687037597838448e-05
1947	渴	7.651206724903841e-05
1948	寿	7.644690638824655e-05
1949	祸	7.638710544282854e-05
1950	锻	7.63680189742482e-05
1951	铃	7.635905468680892e-05
1952	慈	7.634196959444876e-05
1953	碍	7.628582516136653e-05
1954	灾	7.619839394920413e-05
1955	厕	7.612644673493974e-05
1956	帽	7.610472874184594e-05
1957	宙	7.598006761432792e-05
1958	肠	7.560540194253003e-05
1959	踩	7.555968768304367e-05
1960	戚	7.554839201369837e-05
1961	盆	7.541738062124704e-05
1962	贷	7.511588902788712e-05
1963	岩	7.507253577723274e-05
1964	捷	7.504853443368313e-05
1965	仗	7.49822210596796e-05
1966	冥	7.46097540654501e-05
1967	挨	7.457451189765504e-05
1968	莎	7.449631559176508e-05
1969	阁	7.449551532886119e-05
1970	驶	7.419398796265048e-05
1971	耍	7.416135043256327e-05
1972	鄙	7.397513375276603e-05
1973	喘	7.389976751047732e-05
1974	恒	7.374396990929467e-05
1975	蠢	7.372928644098234e-05
1976	陶	7.364134185037754e-05
1977	胞	7.36256545707773e-05
1978	婷	7.323683835026237e-05
1979	笼	7.320689200026375e-05
1980	晒	7.319004542637223e-05
1981	庸	7.314294781676135e-05
1982	遮	7.31162649798939e-05
1983	埃	7.302245511157118e-05
1984	薇	7.297976170399688e-05
1985	摊	7.295098867663176e-05
1986	巾	7.284310387950306e-05
1987	轨	7.282973645743455e-05
1988	喃	7.267213765654167e-05
1989	咒	7.264283264602845e-05
1990	屠	7.261495981849577e-05
1991	卢	7.244445239623895e-05
1992	笨	7.232418972587564e-05
1993	赔	7.214294216492315e-05
1994	媚	7.204966698593847e-05
1995	哇	7.203444121323273e-05
1996	趋	7.200064762840773e-05
1997	贯	7.199039348055526e-05
1998	胃	7.192363232738724e-05
1999	猴	7.188887852140252e-05
2000	渡	7.188037463747935e-05
2001	锦	7.178526084715107e-05
2002	耻	7.164519267777587e-05
2003	爵	7.156189999365338e-05
2004	谨	7.154916158597042e-05
2005	斩	7.145444527213986e-05
2006	寺	7.120519953953166e-05
2007	祥	7.099262000791968e-05
2008	扇	7.083389958832982e-05
2009	霞	7.070033589862235e-05
2010	辰	7.052395658517944e-05
2011	圾	7.051449077481357e-05
2012	斥	7.041522733447451e-05
2013	吾	7.041399332142855e-05
2014	熬	7.03544743495659e-05
2015	粹	7.033205389228102e-05
2016	僵	7.031325314032399e-05
2017	邻	7.02393086254093e-05
2018	邓	7.018870146889388e-05
2019	仓	7.011911823565296e-05
2020	帖	7.006499491808455e-05
2021	讽	6.991584004492751e-05
2022	捉	6.990469064071866e-05
2023	捕	6.962400558496823e-05
2024	储	6.951983869156277e-05
2025	咨	6.944342367915821e-05
2026	绑	6.935740030106906e-05
2027	澳	6.934989698751987e-05
2028	宅	6.925366558824433e-05
2029	迈	6.924748316534466e-05
2030	捧	6.908901315571029e-05
2031	舅	6.907085811806032e-05
2032	役	6.903971252627934e-05
2033	矿	6.892412731443466e-05
2034	赋	6.882496294175759e-05
2035	绘	6.880445801860693e-05
2036	咋	6.878300159136988e-05
2037	淫	6.868579290185989e-05
2038	暑	6.864616086098265e-05
2039	雕	6.858332901044948e-05
2040	焰	6.853574798318453e-05
2041	披	6.838074954288779e-05
2042	稿	6.835257907603537e-05
2043	驻	6.834361144793156e-05
2044	羡	6.830478424632168e-05
2045	蔡	6.821986568453655e-05
2046	夕	6.817516001220278e-05
2047	涛	6.813093314858959e-05
2048	摘	6.812300496958307e-05
2049	姬	6.777434976629135e-05
2050	聘	6.77409453405733e-05
2051	辨	6.767935471709848e-05
2052	愚	6.761877010894751e-05
2053	腔	6.761841929452006e-05
2054	绵	6.757488353833507e-05
2055	霜	6.748940032642359e-05
2056	胁	6.729028277535921e-05
2057	咳	6.723590023033116e-05
2058	愁	6.720799376816343e-05
2059	畅	6.715970570034394e-05
2060	框	6.678349331164037e-05
2061	啸	6.662550762285706e-05
2062	勃	6.655615983546247e-05
2063	晰	6.641962780054567e-05
2064	昌	6.640713005022729e-05
2065	矮	6.638914669538885e-05
2066	迁	6.628335218782821e-05
2067	巡	6.623566778321958e-05
2068	姜	6.611980737753869e-05
2069	婴	6.604931085120993e-05
2070	愉	6.602880579437828e-05
2071	劣	6.602502165486191e-05
2072	糕	6.599476961619498e-05
2073	祭	6.598831303497669e-05
2074	誉	6.597814035234789e-05
2075	疆	6.597242190706043e-05
2076	涯	6.589700633044192e-05
2077	贡	6.582794709750093e-05
2078	杆	6.582095275432231e-05
2079	淋	6.578847885769806e-05
2080	诊	6.561789524619559e-05
2081	蹲	6.544467817282552e-05
2082	捏	6.537510779940844e-05
2083	晋	6.535092769203573e-05
2084	昂	6.527002330459383e-05
2085	瑟	6.510908232992622e-05
2086	僧	6.503135414371875e-05
2087	呜	6.502981885075655e-05
2088	灌	6.474870578974587e-05
2089	倩	6.442006975355358e-05
2090	姥	6.440847377194879e-05
2091	膜	6.402744634477372e-05
2092	哄	6.360660891566449e-05
2093	柯	6.350759297890959e-05
2094	颠	6.349130497640021e-05
2095	贸	6.34708367279369e-05
2096	谦	6.341557121840212e-05
2097	阔	6.340041722550975e-05
2098	览	6.328280582031398e-05
2099	陵	6.298490878128862e-05
2100	弗	6.295745330390848e-05
2101	呈	6.277278868485579e-05
2102	莹	6.271605625500726e-05
2103	熙	6.269918085627575e-05
2104	债	6.263713253343413e-05
2105	栏	6.254751296494866e-05
2106	牲	6.226811118939339e-05
2107	衰	6.226153329385055e-05
2108	穴	6.223979582814489e-05
2109	昆	6.218669459202745e-05
2110	煮	6.200585299121442e-05
2111	堵	6.199271851102432e-05
2112	毅	6.198684201090475e-05
2113	誓	6.194178171661583e-05
2114	朴	6.193748429840764e-05
2115	娶	6.183418787815806e-05
2116	妃	6.152914071165829e-05
2117	浴	6.140416684703034e-05
2118	澡	6.139732588256976e-05
2119	蝶	6.130531334128965e-05
2120	玫	6.125175691181393e-05
2121	胶	6.11726323480467e-05
2122	蕾	6.111048275350716e-05
2123	劈	6.110923337598924e-05
2124	践	6.096501254980112e-05
2125	墓	6.093558836385929e-05
2126	诞	6.071119393846674e-05
2127	涵	6.066391853336971e-05
2128	叙	6.063532580681907e-05
2129	咽	6.062356465680058e-05
2130	仲	6.043245902118295e-05
2131	牧	6.043168631416989e-05
2132	挽	6.000214208722803e-05
2133	衫	5.998046200452054e-05
2134	砖	5.991352683014385e-05
2135	铜	5.987581626982447e-05
2136	帕	5.976818238344484e-05
2137	怡	5.974544995788583e-05
2138	闯	5.965408025847185e-05
2139	饼	5.961657671884139e-05
2140	韦	5.95553903522637e-05
2141	虹	5.950385928080289e-05
2142	榜	5.94138316139622e-05
2143	圳	5.94124334666597e-05
2144	骄	5.940077876660719e-05
2145	媳	5.922495411590773e-05
2146	贺	5.917506749356503e-05
2147	沾	5.909652274421475e-05
2148	拓	5.909418124260522e-05
2149	粒	5.899925643691457e-05
2150	叠	5.870329069685817e-05
2151	彭	5.861080993546474e-05
2152	鸿	5.860569946170943e-05
2153	逢	5.854361062340256e-05
2154	纤	5.852963175681683e-05
2155	炉	5.847839070894017e-05
2156	酱	5.844019873414106e-05
2157	捡	5.839612170908022e-05
2158	筋	5.839553214207237e-05
2159	丛	5.828456212877246e-05
2160	偿	5.797741906014337e-05
2161	闺	5.793117776030479e-05
2162	泻	5.778154331027156e-05
2163	锤	5.752090380899304e-05
2164	棍	5.749239318350107e-05
2165	粘	5.738692834708366e-05
2166	衬	5.738313752759869e-05
2167	疏	5.73617213823953e-05
2168	牺	5.733082065586938e-05
2169	樱	5.730100149875816e-05
2170	巫	5.727845638784463e-05
2171	契	5.727526719310537e-05
2172	妄	5.724520216847173e-05
2173	苗	5.723732987076282e-05
2174	姚	5.721506162367763e-05
2175	躯	5.716997577735244e-05
2176	惟	5.698075003669924e-05
2177	渠	5.697821570831378e-05
2178	遵	5.693910369395779e-05
2179	冻	5.691290263800245e-05
2180	柴	5.67849423588637e-05
2181	驰	5.675120692655286e-05
2182	虐	5.674604287664687e-05
2183	拐	5.660219203824626e-05
2184	眨	5.655350235321919e-05
2185	畏	5.649133508838054e-05
2186	桶	5.643407568468015e-05
2187	膝	5.607855677015189e-05
2188	趴	5.593960500795539e-05
2189	麽	5.579774622611682e-05
2190	廉	5.557585960737607e-05
2191	袍	5.554532956961264e-05
2192	婉	5.542784178320816e-05
2193	擅	5.538857992961962e-05
2194	筹	5.526586900706864e-05
2195	逊	5.523433893229479e-05
2196	绳	5.513537630432858e-05
2197	溃	5.499303771150203e-05
2198	盲	5.498890339203281e-05
2199	爪	5.498399449605718e-05
2200	刃	5.489750961107352e-05
2201	艘	5.483135699741183e-05
2202	蓉	5.444789935478055e-05
2203	杭	5.435755678004421e-05
2204	饶	5.429269232355334e-05
2205	怔	5.425710311628854e-05
2206	剂	5.42231349090305e-05
2207	裹	5.421432146173072e-05
2208	矩	5.409114856474186e-05
2209	揭	5.398021586060388e-05
2210	叉	5.387574117424476e-05
2211	胳	5.382908803638406e-05
2212	崔	5.381751383321826e-05
2213	匪	5.380569987520467e-05
2214	歇	5.367132459908063e-05
2215	枯	5.366483204414996e-05
2216	壳	5.36477967197326e-05
2217	芬	5.357427847358561e-05
2218	慨	5.348620588868763e-05
2219	痘	5.347908278238005e-05
2220	诡	5.341865299018789e-05
2221	翠	5.307915590269856e-05
2222	颈	5.304602827430847e-05
2223	盐	5.294213771068756e-05
2224	枚	5.293280437122773e-05
2225	寨	5.286487600810086e-05
2226	曰	5.26918828236328e-05
2227	贱	5.268832056916393e-05
2228	寞	5.263388191008688e-05
2229	咐	5.252096536634683e-05
2230	琪	5.244132829272356e-05
2231	柏	5.233204274253321e-05
2232	搂	5.232868627441471e-05
2233	癌	5.226658691400092e-05
2234	恍	5.214233565526108e-05
2235	腻	5.208485804035989e-05
2236	咕	5.207792555679231e-05
2237	肿	5.207538484905043e-05
2238	鹏	5.205976587627847e-05
2239	赐	5.204207394833456e-05
2240	韵	5.203155298985684e-05
2241	亭	5.196558298147636e-05
2242	嗓	5.192276037716012e-05
2243	捂	5.188396724515867e-05
2244	渊	5.186958298640764e-05
2245	削	5.185885250123249e-05
2246	纽	5.165890482622649e-05
2247	炫	5.152142375862123e-05
2248	戈	5.132096714785528e-05
2249	掠	5.105513614121074e-05
2250	逝	5.101902002727469e-05
2251	芝	5.091813024104939e-05
2252	磁	5.083062544540049e-05
2253	鸭	5.077409960262789e-05
2254	携	5.076665046645377e-05
2255	灿	5.072047934361699e-05
2256	泼	5.067605283957827e-05
2257	漆	5.067186564629375e-05
2258	膊	5.055887144417751e-05
2259	憾	5.05024053560504e-05
2260	趟	5.045252648244408e-05
2261	卜	5.039523968978408e-05
2262	妨	5.039453371867752e-05
2263	弦	5.038348451807901e-05
2264	氧	5.035449024014097e-05
2265	藤	5.033885126003317e-05
2266	狮	5.030925505673721e-05
2267	俺	5.027142491926603e-05
2268	瓣	5.025264758044933e-05
2269	佣	5.011581085913159e-05
2270	殖	5.000051887717437e-05
2271	刮	4.999143851949877e-05
2272	躁	4.998995676875683e-05
2273	萝	4.9975424541627e-05
2274	棉	4.996916866892182e-05
2275	儒	4.986168371925796e-05
2276	魄	4.972132368937524e-05
2277	泳	4.961124094890334e-05
2278	浙	4.960983348262289e-05
2279	盼	4.955128936352719e-05
2280	囊	4.952339799846943e-05
2281	衷	4.948546852529407e-05
2282	肆	4.943942943770974e-05
2283	薛	4.9430853874404e-05
2284	嚷	4.939019207052001e-05
2285	萍	4.919755428174309e-05
2286	廊	4.917333268988794e-05
2287	喉	4.914199230140691e-05
2288	揉	4.906889317515523e-05
2289	嫩	4.906642979192715e-05
2290	哗	4.901695975090124e-05
2291	瑶	4.891108564829045e-05
2292	纱	4.881413424888593e-05
2293	剥	4.878084485788663e-05
2294	蒸	4.864348867802184e-05
2295	旺	4.862934293841964e-05
2296	雀	4.85413179839289e-05
2297	哑	4.853959303792408e-05
2298	押	4.850959778856906e-05
2299	泣	4.843935882038798e-05
2300	沃	4.843396206339558e-05
2301	鼎	4.839851821875046e-05
2302	凄	4.826103270914292e-05
2303	庙	4.820120300470512e-05
2304	驳	4.819944428970404e-05
2305	丘	4.811024481013106e-05
2306	柄	4.806831679444642e-05
2307	涩	4.798595343560854e-05
2308	侣	4.793452106469713e-05
2309	瞒	4.789124577235094e-05
2310	颖	4.786416499144237e-05
2311	谎	4.786355595114246e-05
2312	潘	4.782320153984934e-05
2313	桂	4.78012692767634e-05
2314	宴	4.776415940610297e-05
2315	肺	4.775528466648612e-05
2316	屑	4.775197225467877e-05
2317	斑	4.756969349415894e-05
2318	奢	4.749636971016943e-05
2319	塌	4.739834155182549e-05
2320	昭	4.739353569865094e-05
2321	兮	4.738526198323562e-05
2322	憋	4.730375102689176e-05
2323	蜂	4.730295934806043e-05
2324	屎	4.729326103146977e-05
2325	铭	4.72869375882021e-05
2326	浸	4.710247711807761e-05
2327	函	4.701349992391491e-05
2328	勿	4.680679642487911e-05
2329	乾	4.679877345396188e-05
2330	嫂	4.674820527660054e-05
2331	侦	4.663392358571844e-05
2332	於	4.653727954565461e-05
2333	卸	4.647846383938881e-05
2334	霉	4.613292625120438e-05
2335	伐	4.607114610836794e-05
2336	券	4.597453640459432e-05
2337	咯	4.590926732409375e-05
2338	舟	4.590496793528121e-05
2339	瑰	4.58813406204784e-05
2340	遂	4.577377574122181e-05
2341	眯	4.575674632929769e-05
2342	鞭	4.571441809835541e-05
2343	葡	4.57059289104992e-05
2344	翅	4.552634236626575e-05
2345	垫	4.549891684967397e-05
2346	湘	4.537943106164422e-05
2347	蹦	4.53459910306868e-05
2348	坠	4.532386286888283e-05
2349	肝	4.524311807258421e-05
2350	刊	4.512720666326158e-05
2351	址	4.511377931961638e-05
2352	谣	4.507696892519905e-05
2353	辕	4.505983209497198e-05
2354	汁	4.496166882739287e-05
2355	宰	4.494039634156681e-05
2356	黛	4.487331844357978e-05
2357	葬	4.472409716837864e-05
2358	烫	4.464070314401722e-05
2359	煞	4.461525852876641e-05
2360	卿	4.453171837362975e-05
2361	冤	4.447748299489451e-05
2362	龟	4.447269808414256e-05
2363	肢	4.441318793046428e-05
2364	犬	4.43784991232133e-05
2365	痒	4.43207087386322e-05
2366	佐	4.425709709939417e-05
2367	狭	4.419452440914002e-05
2368	腕	4.411265051413046e-05
2369	寡	4.407598351172845e-05
2370	馨	4.406676173264187e-05
2371	耸	4.401285549100609e-05
2372	厦	4.39357372130047e-05
2373	腊	4.381396019210181e-05
2374	啤	4.357973534836575e-05
2375	辽	4.351970914398552e-05
2376	潇	4.337331275479777e-05
2377	乙	4.337020849962771e-05
2378	禅	4.3196526879991e-05
2379	辜	4.308583586805497e-05
2380	筒	4.308277647128202e-05
2381	陛	4.304821746199738e-05
2382	嘟	4.301283951792257e-05
2383	昧	4.297071603713287e-05
2384	夷	4.294409996942211e-05
2385	丸	4.277351041285642e-05
2386	逍	4.225562689150235e-05
2387	竖	4.216870090800302e-05
2388	枕	4.215737427560199e-05
2389	叮	4.208695119907873e-05
2390	惩	4.198643687748058e-05
2391	帘	4.194774785772817e-05
2392	窃	4.193568743096777e-05
2393	歹	4.154489892643463e-05
2394	溪	4.149856761054999e-05
2395	崖	4.146923157048065e-05
2396	翰	4.143466090382092e-05
2397	珊	4.133206160324337e-05
2398	赴	4.131339104893523e-05
2399	咧	4.123543423053106e-05
2400	豹	4.123533202238597e-05
2401	钥	4.122421808973549e-05
2402	梳	4.116736237495804e-05
2403	菌	4.113266174340081e-05
2404	靖	4.101146754303676e-05
2405	楠	4.09827032341054e-05
2406	氓	4.088979409965892e-05
2407	乞	4.084131895130576e-05
2408	萄	4.083879818439932e-05
2409	搏	4.080299778044492e-05
2410	碑	4.080055109781857e-05
2411	仆	4.077999316717163e-05
2412	棵	4.073243358312286e-05
2413	溢	4.066867390900562e-05
2414	纲	4.066216816038872e-05
2415	妒	4.059765475175689e-05
2416	耿	4.057878829873072e-05
2417	贩	4.054582116400066e-05
2418	厢	4.054092242165894e-05
2419	凰	4.0537961792616e-05
2420	敦	4.051273448604921e-05
2421	娟	4.048673911601343e-05
2422	巷	4.042507687965645e-05
2423	罐	4.041134247728277e-05
2424	滩	4.023301857075387e-05
2425	惶	4.021770722400436e-05
2426	俯	4.016790143241077e-05
2427	詹	4.013410898353414e-05
2428	岚	4.006012335261004e-05
2429	蔽	4.003283942436044e-05
2430	窜	3.998257059024139e-05
2431	叨	3.997987065846884e-05
2432	骤	3.991421315308649e-05
2433	菊	3.980693686153371e-05
2434	蹭	3.976829527132696e-05
2435	嫉	3.971817153246559e-05
2436	尹	3.967451042099676e-05
2437	卵	3.957201526523822e-05
2438	耽	3.948032862082385e-05
2439	吩	3.947366895944513e-05
2440	殷	3.94485312353114e-05
2441	咸	3.937835763297665e-05
2442	撩	3.91394477149864e-05
2443	兜	3.909112103580563e-05
2444	蓄	3.907588711332052e-05
2445	矫	3.894246350821407e-05
2446	哟	3.89254710050891e-05
2447	搅	3.888690727343994e-05
2448	攀	3.887930886668766e-05
2449	署	3.881641178262874e-05
2450	捐	3.880730283286454e-05
2451	舆	3.87909043387497e-05
2452	遣	3.876722147787207e-05
2453	旨	3.868752695407003e-05
2454	咪	3.860322087231971e-05
2455	艇	3.855539818610303e-05
2456	挪	3.852742892923748e-05
2457	疫	3.850654737226111e-05
2458	雇	3.850142420629337e-05
2459	栋	3.833859398443318e-05
2460	钉	3.833804236106185e-05
2461	瑜	3.82590209412067e-05
2462	煤	3.814753360757547e-05
2463	郡	3.809526102626912e-05
2464	衍	3.804741335531013e-05
2465	浏	3.802342116380727e-05
2466	匙	3.800585238711127e-05
2467	裕	3.786992999371875e-05
2468	腥	3.780620108247585e-05
2469	狄	3.766842384536161e-05
2470	彬	3.76666805620131e-05
2471	诧	3.75288875593839e-05
2472	懵	3.747249114610461e-05
2473	饥	3.745187806974563e-05
2474	罕	3.744806336821653e-05
2475	镖	3.736924990549749e-05
2476	隶	3.736494076341382e-05
2477	诈	3.733196758318974e-05
2478	贬	3.728876804443559e-05
2479	撼	3.727900332648102e-05
2480	侃	3.725487235257651e-05
2481	诀	3.718806674273455e-05
2482	狸	3.709625631259768e-05
2483	碌	3.697085521154527e-05
2484	翘	3.694397781140933e-05
2485	煎	3.675462554627372e-05
2486	谐	3.668050701083058e-05
2487	蹈	3.667655162279588e-05
2488	扒	3.664712453048272e-05
2489	哩	3.664432359369405e-05
2490	宪	3.663789810853227e-05
2491	贞	3.663595789094815e-05
2492	斧	3.659435727519021e-05
2493	徽	3.644935071591421e-05
2494	钓	3.62030567276642e-05
2495	雯	3.619422661301289e-05
2496	芸	3.617659841485356e-05
2497	帆	3.616098558732622e-05
2498	掀	3.615663716547627e-05
2499	宛	3.59933910300241e-05
2500	壶	3.597625453297921e-05
2501	稚	3.595036541204781e-05
2502	朕	3.594995651296702e-05
2503	芙	3.592661631605726e-05
2504	沫	3.582195812258035e-05
2505	岭	3.568508950243991e-05
2506	鹅	3.56068521124303e-05
2507	兹	3.560621989174145e-05
2508	尉	3.559593902265414e-05
2509	谭	3.545483370796817e-05
2510	哨	3.534694520306237e-05
2511	舔	3.525729310127963e-05
2512	扁	3.523107173737627e-05
2513	沸	3.522678868205286e-05
2514	蓬	3.517141799150127e-05
2515	撇	3.504555137584527e-05
2516	淑	3.501868429695464e-05
2517	翁	3.482083085340558e-05
2518	眸	3.479260226864961e-05
2519	祈	3.470260653388182e-05
2520	喻	3.468390201039604e-05
2521	琢	3.462194330391788e-05
2522	戳	3.457537984824083e-05
2523	掘	3.449422611961123e-05
2524	呐	3.446871764089483e-05
2525	挫	3.444723121893903e-05
2526	揣	3.433647123313015e-05
2527	顽	3.431238528455397e-05
2528	荆	3.430626381874856e-05
2529	琼	3.426998818016964e-05
2530	拽	3.425127116465282e-05
2531	竭	3.420679439187774e-05
2532	虾	3.418161521651178e-05
2533	郊	3.417987911460567e-05
2534	嘱	3.415392078636984e-05
2535	瓷	3.411304097146643e-05
2536	舱	3.407505358056892e-05
2537	摧	3.402856043489448e-05
2538	麟	3.402119273137405e-05
2539	妓	3.399125623507736e-05
2540	轴	3.398900588546225e-05
2541	栗	3.389370614986845e-05
2542	匠	3.379869770748818e-05
2543	旭	3.37557315109752e-05
2544	倦	3.367944766591694e-05
2545	伞	3.36434121160482e-05
2546	彦	3.359912275834939e-05
2547	菩	3.358364056344434e-05
2548	胀	3.346743682539061e-05
2549	喵	3.345643475372556e-05
2550	骇	3.34111894831883e-05
2551	堕	3.340989885461954e-05
2552	瘾	3.340792620416894e-05
2553	宵	3.33781500678513e-05
2554	泊	3.326067741248721e-05
2555	嗦	3.318362860983245e-05
2556	拢	3.314583320969448e-05
2557	鹤	3.309120085593531e-05
2558	嚣	3.302907861642499e-05
2559	蟹	3.29665605371589e-05
2560	拘	3.296276684523301e-05
2561	卦	3.288291586941041e-05
2562	嫣	3.284660846637e-05
2563	磕	3.279058865366622e-05
2564	捞	3.277078475814606e-05
2565	砰	3.274777139386903e-05
2566	燥	3.273619558721146e-05
2567	烁	3.26640822687664e-05
2568	鸦	3.259137834711569e-05
2569	笛	3.257305586847507e-05
2570	琐	3.254864114991201e-05
2571	坤	3.244788216392041e-05
2572	葩	3.243244980345853e-05
2573	侮	3.238710269188876e-05
2574	瞄	3.229655209419613e-05
2575	椒	3.229287711015546e-05
2576	轿	3.226852057735676e-05
2577	吁	3.222062744745647e-05
2578	寓	3.221749279720486e-05
2579	娅	3.21018256186627e-05
2580	攒	3.208160651052553e-05
2581	颊	3.207834126158203e-05
2582	酬	3.202416273180118e-05
2583	撸	3.200849208630227e-05
2584	杖	3.194511869953128e-05
2585	俏	3.182911894347456e-05
2586	掐	3.175101893323645e-05
2587	煌	3.172951848293845e-05
2588	妞	3.170337260594535e-05
2589	渺	3.167117423701967e-05
2590	脊	3.164753780342032e-05
2591	倚	3.147900560344283e-05
2592	渗	3.14137275038963e-05
2593	弊	3.138538385117138e-05
2594	丐	3.133833464012333e-05
2595	膏	3.125738165325701e-05
2596	兆	3.117289373506127e-05
2597	赠	3.108754569820514e-05
2598	醋	3.107441322186957e-05
2599	陀	3.106590155527962e-05
2600	沦	3.1006072285135e-05
2601	滥	3.094480395117963e-05
2602	挠	3.087052004578098e-05
2603	烛	3.078913695004929e-05
2604	谊	3.068883349127834e-05
2605	芦	3.063846448611895e-05
2606	侄	3.056497062280967e-05
2607	芯	3.055678969613072e-05
2608	噢	3.05279499002891e-05
2609	沐	3.051690945069434e-05
2610	吱	3.046755741657867e-05
2611	俘	3.040510600671869e-05
2612	磊	3.030657001395257e-05
2613	滨	3.025031615803264e-05
2614	凳	3.02378134642382e-05
2615	斌	3.021669853245066e-05
2616	噩	3.011352195603468e-05
2617	瞅	3.007746740109749e-05
2618	窄	3.007453970571461e-05
2619	淮	3.00738108548313e-05
2620	茅	3.000304150631367e-05
2621	沧	3.000207727608445e-05
2622	巅	2.997567053420954e-05
2623	袜	2.995494897009964e-05
2624	钦	2.99398997239309e-05
2625	螺	2.99261130150359e-05
2626	辟	2.990872423786198e-05
2627	蜀	2.990537625338523e-05
2628	渔	2.989503051856495e-05
2629	甫	2.980937802873946e-05
2630	扛	2.980211877903955e-05
2631	嘶	2.975783750461972e-05
2632	昊	2.970196689599371e-05
2633	盔	2.954410215238176e-05
2634	拯	2.954316113579167e-05
2635	隙	2.946656381939831e-05
2636	坟	2.943602442872653e-05
2637	葱	2.94159128732535e-05
2638	悍	2.94006826585455e-05
2639	仑	2.939355788292597e-05
2640	佑	2.935694435624385e-05
2641	搁	2.935304010553189e-05
2642	屡	2.931484505811046e-05
2643	傍	2.930260887364885e-05
2644	锡	2.922261510703531e-05
2645	彪	2.912877982035733e-05
2646	怯	2.911483749477796e-05
2647	昔	2.909842109761263e-05
2648	恳	2.897882792384993e-05
2649	陋	2.879831212015205e-05
2650	咚	2.875798820437126e-05
2651	拂	2.875645354588364e-05
2652	筷	2.874714602514188e-05
2653	滞	2.870148046483054e-05
2654	凛	2.866807059552306e-05
2655	滤	2.863595756652936e-05
2656	厘	2.860385372351281e-05
2657	坎	2.857854652128369e-05
2658	妍	2.857425458127554e-05
2659	蚁	2.854312555641531e-05
2660	绣	2.85202308335231e-05
2661	驴	2.850791111212246e-05
2662	暧	2.847752640304829e-05
2663	愕	2.847020539484835e-05
2664	拎	2.843510718704279e-05
2665	拱	2.835390880087765e-05
2666	茹	2.835191494064246e-05
2667	履	2.832563038099829e-05
2668	睹	2.82868705836999e-05
2669	枉	2.812875315891592e-05
2670	坊	2.811366189354076e-05
2671	畜	2.806862297596764e-05
2672	蚊	2.80627313448077e-05
2673	峡	2.796046044642422e-05
2674	彤	2.794726858255574e-05
2675	恕	2.793397096969627e-05
2676	雁	2.793192704090609e-05
2677	缕	2.792799376449256e-05
2678	嘘	2.789624891893301e-05
2679	擎	2.787240038680748e-05
2680	绽	2.781811216750715e-05
2681	肪	2.780635813107024e-05
2682	茨	2.77618482577039e-05
2683	寇	2.776121209580637e-05
2684	杠	2.774394503263958e-05
2685	捣	2.772618105820051e-05
2686	钩	2.771638273818089e-05
2687	茂	2.770024935076872e-05
2688	浆	2.768756348371888e-05
2689	躬	2.768300202825598e-05
2690	秩	2.764286232056796e-05
2691	晌	2.762018173398688e-05
2692	弘	2.75951444143251e-05
2693	绒	2.755344479672536e-05
2694	狡	2.753463723043852e-05
2695	肾	2.753070178255905e-05
2696	朦	2.747884387914572e-05
2697	缴	2.745238255953296e-05
2698	甄	2.744125580098906e-05
2699	魁	2.74093067732511e-05
2700	剖	2.732849627656355e-05
2701	搓	2.730553435022145e-05
2702	溅	2.729505825014087e-05
2703	卒	2.725447704357439e-05
2704	粤	2.719324201039167e-05
2705	蕴	2.719067842355326e-05
2706	瞳	2.718222971859232e-05
2707	茜	2.716931668915653e-05
2708	焚	2.710134821092718e-05
2709	佬	2.707253997868545e-05
2710	喧	2.705308592925577e-05
2711	蜡	2.700424814216889e-05
2712	梨	2.699114950132997e-05
2713	蝴	2.691836043992868e-05
2714	墅	2.676935410244444e-05
2715	咦	2.67622967976368e-05
2716	蹄	2.676024585433542e-05
2717	苟	2.675404716444701e-05
2718	敷	2.669144935644978e-05
2719	黯	2.6629857497276e-05
2720	嚼	2.650449611028307e-05
2721	惫	2.648245963519749e-05
2722	桐	2.64719626924449e-05
2723	噬	2.642002068411836e-05
2724	汹	2.635057706861529e-05
2725	秃	2.631258583625968e-05
2726	篷	2.619664844060759e-05
2727	勋	2.617896676672838e-05
2728	滔	2.612502144550771e-05
2729	槛	2.612150084245246e-05
2730	嘀	2.603982832436099e-05
2731	晗	2.603510797804959e-05
2732	猩	2.60193031265125e-05
2733	喇	2.599710298471378e-05
2734	暮	2.597924541945236e-05
2735	蔬	2.597498617899248e-05
2736	骆	2.594139634341311e-05
2737	淹	2.590769718474664e-05
2738	蛛	2.588281404588888e-05
2739	栈	2.584647227262784e-05
2740	曝	2.578210178778774e-05
2741	倘	2.574947017019377e-05
2742	奕	2.57463236291355e-05
2743	旷	2.570294348963489e-05
2744	胧	2.567952239479542e-05
2745	栽	2.562761018032603e-05
2746	邱	2.550398105446131e-05
2747	疚	2.548705886065875e-05
2748	揍	2.542304877658601e-05
2749	阎	2.538737690096856e-05
2750	凸	2.536863406605347e-05
2751	碟	2.531278673824721e-05
2752	厮	2.53008144912897e-05
2753	揪	2.529811676423329e-05
2754	蚂	2.525930529488816e-05
2755	楞	2.516541168944504e-05
2756	疤	2.510803982353485e-05
2757	浦	2.508411343285173e-05
2758	碳	2.48832159570017e-05
2759	裔	2.484318770993632e-05
2760	毙	2.483028336500388e-05
2761	捅	2.480610429314874e-05
2762	窥	2.479787683876071e-05
2763	嘎	2.474036755982883e-05
2764	棚	2.473060006918393e-05
2765	驼	2.468241263994819e-05
2766	璋	2.4612240741536e-05
2767	啧	2.459154913821445e-05
2768	敛	2.455204652819094e-05
2769	噪	2.454361094973563e-05
2770	霆	2.452174221625289e-05
2771	汝	2.450327213702626e-05
2772	陕	2.44920803458182e-05
2773	瘫	2.449054882713349e-05
2774	捆	2.448035249657237e-05
2775	敞	2.440725139971634e-05
2776	啃	2.438117379494089e-05
2777	缸	2.437823163692262e-05
2778	臀	2.433203415996358e-05
2779	稻	2.431844415187261e-05
2780	擒	2.431828071927125e-05
2781	巢	2.4291611643384e-05
2782	惭	2.42753632884337e-05
2783	蕊	2.423895685030129e-05
2784	溶	2.422991420215041e-05
2785	嗡	2.422609375573948e-05
2786	伽	2.412897130799802e-05
2787	暇	2.410645518953587e-05
2788	澜	2.408321072098399e-05
2789	婶	2.404249407200015e-05
2790	椎	2.398422551317302e-05
2791	勺	2.397443016602511e-05
2792	塘	2.395933255454374e-05
2793	澄	2.394361284275723e-05
2794	潭	2.394275679966674e-05
2795	骷	2.387335961212215e-05
2796	腺	2.38471553491833e-05
2797	杏	2.383655733423398e-05
2798	耕	2.382252318825522e-05
2799	衔	2.375939867444835e-05
2800	翩	2.372175100857739e-05
2801	茄	2.370566578561625e-05
2802	嚎	2.365860411578735e-05
2803	聂	2.365678567939098e-05
2804	呻	2.364574836959913e-05
2805	膨	2.359990624950061e-05
2806	嗨	2.356150675253879e-05
2807	崛	2.349978676539084e-05
2808	兑	2.349679560758536e-05
2809	缚	2.347711115553601e-05
2810	侈	2.347496435019576e-05
2811	冈	2.336853725483368e-05
2812	瞥	2.336223358479004e-05
2813	囚	2.333376591291105e-05
2814	祷	2.332133132440307e-05
2815	砂	2.329589118440472e-05
2816	矣	2.329041312911985e-05
2817	郝	2.322292923774315e-05
2818	梭	2.321505804205221e-05
2819	陡	2.320026555194518e-05
2820	蔓	2.316643245392232e-05
2821	僻	2.316357029199717e-05
2822	妾	2.316036690198452e-05
2823	哒	2.312283520523886e-05
2824	拌	2.305111816016254e-05
2825	哆	2.304186241189832e-05
2826	膛	2.302106238800643e-05
2827	乍	2.300017568737262e-05
2828	焉	2.298571266822743e-05
2829	粥	2.297883833581359e-05
2830	阐	2.295196424241176e-05
2831	蔑	2.293470215665144e-05
2832	酿	2.291362169483512e-05
2833	筛	2.288331891920823e-05
2834	髅	2.285421428402593e-05
2835	橙	2.280907636461101e-05
2836	辐	2.277396776905975e-05
2837	揽	2.276275724014523e-05
2838	韧	2.276213063065721e-05
2839	裳	2.271539452383168e-05
2840	伺	2.270140954457132e-05
2841	拧	2.270042547393745e-05
2842	寥	2.269637272080291e-05
2843	灼	2.267922443338216e-05
2844	梗	2.261933343730748e-05
2845	呃	2.260762883563119e-05
2846	迦	2.260688091249882e-05
2847	逮	2.257052728168132e-05
2848	泌	2.256244629193094e-05
2849	汰	2.254936732456546e-05
2850	熏	2.253882074755108e-05
2851	茵	2.253694997138319e-05
2852	匈	2.251608581666373e-05
2853	匀	2.249515806584068e-05
2854	莽	2.241033242647292e-05
2855	絮	2.240656495430808e-05
2856	棺	2.240605164236605e-05
2857	冉	2.232065771227542e-05
2858	唧	2.217356049563857e-05
2859	呕	2.216348304057408e-05
2860	熄	2.214421273169377e-05
2861	倪	2.210419861340139e-05
2862	谜	2.20723351597072e-05
2863	媛	2.203981767431519e-05
2864	峻	2.19696106375268e-05
2865	浇	2.196050392572894e-05
2866	鞠	2.195271222533755e-05
2867	禄	2.189640479394714e-05
2868	杉	2.18864733359769e-05
2869	拙	2.188168735645718e-05
2870	诵	2.182349628907504e-05
2871	焕	2.174613257852463e-05
2872	桩	2.166664203671961e-05
2873	垄	2.164793256975777e-05
2874	棠	2.153607571724284e-05
2875	襄	2.152140200220163e-05
2876	邵	2.151751605558315e-05
2877	绰	2.146449020662538e-05
2878	阮	2.137050748629259e-05
2879	亨	2.132531392037205e-05
2880	讪	2.126853215619371e-05
2881	蝠	2.123056480588222e-05
2882	譬	2.12099351286721e-05
2883	窍	2.12052050297698e-05
2884	沮	2.115798917913687e-05
2885	豁	2.115619946782989e-05
2886	矢	2.112810228385178e-05
2887	垮	2.109476699961798e-05
2888	弧	2.108315174626294e-05
2889	眶	2.098714737569235e-05
2890	匕	2.097969777197484e-05
2891	菁	2.097891120355078e-05
2892	禀	2.09535392692697e-05
2893	珑	2.09375371157042e-05
2894	绷	2.093665992932951e-05
2895	唠	2.092519321164725e-05
2896	蒜	2.085930891099153e-05
2897	碾	2.084718188200562e-05
2898	绅	2.083647100380351e-05
2899	猥	2.083447313517903e-05
2900	澈	2.080713810353709e-05
2901	蝇	2.06986362160797e-05
2902	猿	2.069420242036738e-05
2903	铅	2.065635067206861e-05
2904	仕	2.061558499004736e-05
2905	丞	2.060708548162607e-05
2906	蓦	2.059891694722757e-05
2907	嵌	2.057410705731373e-05
2908	甸	2.056974373853521e-05
2909	馒	2.052240978056124e-05
2910	毯	2.039815324380274e-05
2911	犀	2.039560311733234e-05
2912	涡	2.039162234419255e-05
2913	樊	2.038759691351724e-05
2914	弩	2.038732469255277e-05
2915	颂	2.037640465476579e-05
2916	淌	2.034937838509468e-05
2917	咙	2.032506176653684e-05
2918	叽	2.030089141243525e-05
2919	嗅	2.028212372713907e-05
2920	辖	2.025109944900246e-05
2921	祁	2.020711087042632e-05
2922	隋	2.019223527767344e-05
2923	绞	2.019195059792812e-05
2924	虞	2.016990136344951e-05
2925	募	2.015213568508788e-05
2926	姊	2.013636119538213e-05
2927	噜	2.012996273206738e-05
2928	吨	2.010101842293372e-05
2929	哧	2.006704594128482e-05
2930	廖	2.005898158563577e-05
2931	虏	2.002096703921022e-05
2932	睿	2.001293712028219e-05
2933	兢	2.000148887362461e-05
2934	睫	1.998602949199591e-05
2935	蝉	1.996633498606325e-05
2936	麒	1.994867853035792e-05
2937	盏	1.994173291960451e-05
2938	颓	1.99199407417998e-05
2939	斋	1.991505195291059e-05
2940	垒	1.990619050741077e-05
2941	懦	1.990098504020296e-05
2942	髓	1.989005985875853e-05
2943	涕	1.988989255144888e-05
2944	皓	1.988895100081501e-05
2945	僚	1.983516881158351e-05
2946	钞	1.980155890148771e-05
2947	饺	1.978392803106886e-05
2948	婊	1.978064304147132e-05
2949	惚	1.977565094241905e-05
2950	倡	1.97445083900102e-05
2951	吭	1.970471234923762e-05
2952	剔	1.966743012736068e-05
2953	诛	1.96567249940404e-05
2954	狈	1.964843664905852e-05
2955	菇	1.961285235133936e-05
2956	霄	1.953427276490528e-05
2957	稽	1.953005076710694e-05
2958	藩	1.946826250774134e-05
2959	姗	1.940019479423861e-05
2960	蛙	1.93996383943224e-05
2961	嗽	1.938862299597033e-05
2962	颁	1.93754612598214e-05
2963	钧	1.9334158517495e-05
2964	烘	1.930624370468632e-05
2965	鲍	1.929071995879844e-05
2966	衙	1.928029663278257e-05
2967	刁	1.924671771899269e-05
2968	惕	1.924438356575675e-05
2969	嗔	1.923799498939413e-05
2970	馈	1.921530040704083e-05
2971	芹	1.91665600854846e-05
2972	嬉	1.916320956242932e-05
2973	朽	1.91470850597019e-05
2974	诅	1.913489683950993e-05
2975	瀚	1.902103881163641e-05
2976	掷	1.899237948286026e-05
2977	梵	1.898979886087752e-05
2978	吏	1.894473616169107e-05
2979	掰	1.893878955175029e-05
2980	歼	1.891542794487455e-05
2981	酥	1.890498948781829e-05
2982	唾	1.888260657380716e-05
2983	哮	1.887520266314276e-05
2984	抠	1.885038435608756e-05
2985	桓	1.882364289984276e-05
2986	铲	1.878424824284619e-05
2987	橘	1.87803944949824e-05
2988	喀	1.875889598203855e-05
2989	踹	1.872864157172429e-05
2990	凹	1.872032680611975e-05
2991	厥	1.871871278601357e-05
2992	迭	1.871844463993878e-05
2993	瘤	1.86901490851645e-05
2994	嫖	1.864812263561225e-05
2995	雍	1.863606334480022e-05
2996	嗤	1.862821933788752e-05
2997	剃	1.861379005380817e-05
2998	蝙	1.859459172492262e-05
2999	黏	1.85917145323879e-05
3000	淀	1.855741742282241e-05
3001	嗷	1.851175410047742e-05
3002	铸	1.847886505841675e-05
3003	葫	1.847649860599534e-05
3004	皂	1.838607974294296e-05
3005	唬	1.832565355741689e-05
3006	璐	1.829159857434653e-05
3007	霓	1.827705201826231e-05
3008	炭	1.821008805229584e-05
3009	漓	1.820563575230865e-05
3010	煽	1.81499813170985e-05
3011	俞	1.814719531048859e-05
3012	裴	1.814474241543704e-05
3013	株	1.813698845850077e-05
3014	秉	1.803219602505527e-05
3015	喔	1.801871587409518e-05
3016	榴	1.8017545757765e-05
3017	孽	1.799315996515293e-05
3018	挟	1.796913343735985e-05
3019	赘	1.796449375554657e-05
3020	芭	1.795633694502354e-05
3021	兀	1.79315908520749e-05
3022	璇	1.792303693284695e-05
3023	沛	1.791097573793097e-05
3024	讳	1.786841196071157e-05
3025	禽	1.785631723091115e-05
3026	懈	1.781630448199873e-05
3027	粪	1.777659972690156e-05
3028	铮	1.775873040451448e-05
3029	苛	1.77471132470555e-05
3030	沪	1.774268997276987e-05
3031	霖	1.769039140513405e-05
3032	谬	1.760153666056407e-05
3033	敖	1.760134694102106e-05
3034	叭	1.757978593399159e-05
3035	肋	1.757910053819505e-05
3036	骏	1.757664854498006e-05
3037	跋	1.757225997477745e-05
3038	蹬	1.755279937837995e-05
3039	乒	1.754144796209822e-05
3040	蜘	1.754073577856644e-05
3041	挚	1.75277820328038e-05
3042	橡	1.748977787412395e-05
3043	拇	1.747416634947617e-05
3044	窦	1.747390181074769e-05
3045	薯	1.745769119925251e-05
3046	鳞	1.739199097368877e-05
3047	阱	1.73743113708447e-05
3048	窟	1.73700002249065e-05
3049	芽	1.73507646533594e-05
3050	糙	1.734608676054761e-05
3051	襟	1.729212774484713e-05
3052	嗜	1.721645384192534e-05
3053	缅	1.718118785926676e-05
3054	喽	1.716066032370135e-05
3055	琦	1.714817269376668e-05
3056	琉	1.713900762995347e-05
3057	岔	1.709279345239272e-05
3058	眩	1.708132730268464e-05
3059	渲	1.707906596409944e-05
3060	扳	1.705263701085277e-05
3061	沁	1.700926515481252e-05
3062	肘	1.695517557299014e-05
3063	漱	1.689054018230897e-05
3064	萎	1.688281161047778e-05
3065	炽	1.687535823248279e-05
3066	溺	1.684334734513379e-05
3067	飙	1.681898864086915e-05
3068	菱	1.681303625279634e-05
3069	狞	1.678775897810537e-05
3070	噗	1.674792225425615e-05
3071	唔	1.671089568642295e-05
3072	眷	1.668265420859294e-05
3073	蝎	1.667289333141626e-05
3074	绯	1.665971726631293e-05
3075	腮	1.662023015444239e-05
3076	淳	1.657404693993735e-05
3077	蛤	1.656559255659497e-05
3078	屯	1.653006754665814e-05
3079	咆	1.652777127055833e-05
3080	阀	1.651923962988275e-05
3081	绸	1.648181622070662e-05
3082	哉	1.64795874486689e-05
3083	窒	1.647956219724481e-05
3084	夭	1.645302986665447e-05
3085	靴	1.643178737486696e-05
3086	壤	1.638250224358898e-05
3087	绎	1.636026258791217e-05
3088	鸽	1.635201348944637e-05
3089	铠	1.632812898428866e-05
3090	怂	1.630697701002097e-05
3091	谴	1.623095646799223e-05
3092	觅	1.621542851353368e-05
3093	奎	1.619881715273708e-05
3094	撰	1.618826295998712e-05
3095	坞	1.616562439193224e-05
3096	拣	1.611688002873651e-05
3097	莺	1.611005466285969e-05
3098	沌	1.607660845272724e-05
3099	剿	1.602783255850161e-05
3100	瑕	1.599869933123071e-05
3101	谍	1.595299632807644e-05
3102	淇	1.593264274653909e-05
3103	拭	1.589385890026538e-05
3104	梧	1.586175448927464e-05
3105	赎	1.585250181363272e-05
3106	倭	1.58449789942215e-05
3107	嘤	1.582726201503489e-05
3108	慑	1.58162580399461e-05
3109	巍	1.581035902716237e-05
3110	蚀	1.579224503970164e-05
3111	啼	1.577645842507743e-05
3112	绮	1.576883506751326e-05
3113	枣	1.57421344273459e-05
3114	筝	1.570123604166722e-05
3115	畔	1.565282238513231e-05
3116	狙	1.563875847854659e-05
3117	栖	1.562724212660254e-05
3118	颅	1.557547103293194e-05
3119	绊	1.556373089183645e-05
3120	钗	1.556090463644309e-05
3121	旬	1.555081502320994e-05
3122	倏	1.555056698490178e-05
3123	徘	1.552075931755423e-05
3124	亢	1.546828732993414e-05
3125	靡	1.546672878940238e-05
3126	涅	1.545568246124479e-05
3127	弈	1.538389674290782e-05
3128	晦	1.533368569282993e-05
3129	怠	1.532741195032445e-05
3130	浊	1.531802413287737e-05
3131	怼	1.53001682708583e-05
3132	槐	1.527512874716059e-05
3133	坪	1.525923498091522e-05
3134	惺	1.525502934985622e-05
3135	棱	1.52045268728838e-05
3136	戮	1.516464803007758e-05
3137	瞟	1.507601450283033e-05
3138	崎	1.50059247380468e-05
3139	硅	1.498649136367772e-05
3140	靓	1.498281417560112e-05
3141	烹	1.494252923897443e-05
3142	榨	1.490815336901477e-05
3143	诏	1.490579002314607e-05
3144	掺	1.4900015797672e-05
3145	棕	1.489528753569304e-05
3146	嵩	1.488261275804408e-05
3147	匡	1.483705421567291e-05
3148	巩	1.48093197369289e-05
3149	呛	1.478531799301652e-05
3150	啰	1.476981518955125e-05
3151	聋	1.473811703931218e-05
3152	厄	1.472795588037746e-05
3153	彷	1.472342782611801e-05
3154	萱	1.470797970082139e-05
3155	雌	1.468578396777474e-05
3156	恤	1.467139356309889e-05
3157	倔	1.465205124097363e-05
3158	炖	1.462730912248386e-05
3159	醇	1.461401551801368e-05
3160	遁	1.451743921612372e-05
3161	幢	1.451088770795332e-05
3162	憨	1.450416862511128e-05
3163	矜	1.448003507937804e-05
3164	鞘	1.443497405018374e-05
3165	咔	1.442532697134662e-05
3166	悯	1.440917524659078e-05
3167	婿	1.439651459771482e-05
3168	疙	1.437879427854391e-05
3169	毋	1.437860475918229e-05
3170	龚	1.430640850502257e-05
3171	殴	1.425308264509771e-05
3172	琅	1.42339887955738e-05
3173	擂	1.422761448166516e-05
3174	漾	1.421434328942834e-05
3175	镶	1.420934688137459e-05
3176	胤	1.418782298332566e-05
3177	娴	1.417342192354212e-05
3178	苑	1.414918496721501e-05
3179	莓	1.414704490902397e-05
3180	虔	1.413054971821428e-05
3181	侥	1.412577696563098e-05
3182	娥	1.411951855434725e-05
3183	昼	1.407485075914959e-05
3184	奠	1.407008659063885e-05
3185	懊	1.406129742574598e-05
3186	辫	1.405174457220579e-05
3187	喳	1.404339116130954e-05
3188	澎	1.403373159044138e-05
3189	朔	1.398501221130775e-05
3190	堤	1.397618112763926e-05
3191	婪	1.394208242212014e-05
3192	邹	1.392910252309685e-05
3193	箫	1.392746746013727e-05
3194	咏	1.392259927980828e-05
3195	畸	1.391792095270329e-05
3196	竿	1.389947325245983e-05
3197	讼	1.389289966591846e-05
3198	婢	1.386785145771739e-05
3199	棘	1.383891706878605e-05
3200	忖	1.382006083657439e-05
3201	窘	1.381308653398179e-05
3202	蔚	1.381023382471558e-05
3203	藉	1.379533328115081e-05
3204	霾	1.377287000325375e-05
3205	乓	1.37693248171794e-05
3206	漪	1.37669930355908e-05
3207	憎	1.373372345174594e-05
3208	凿	1.372858996453288e-05
3209	讥	1.372142985035576e-05
3210	幂	1.371814836767372e-05
3211	惮	1.371269182278564e-05
3212	芷	1.368502481485352e-05
3213	逞	1.366232896355106e-05
3214	哔	1.366134779860832e-05
3215	嗖	1.365219125236728e-05
3216	溯	1.362942358800126e-05
3217	荧	1.354593497123034e-05
3218	崽	1.35356969892556e-05
3219	禹	1.350214389486398e-05
3220	呗	1.348686307687701e-05
3221	哽	1.34755216812284e-05
3222	衅	1.33988622046118e-05
3223	脯	1.339234737112876e-05
3224	蚕	1.337745360796339e-05
3225	猾	1.334656006287988e-05
3226	廓	1.334450611345659e-05
3227	丙	1.333380986482106e-05
3228	柠	1.332432795575805e-05
3229	慷	1.326667331420649e-05
3230	佟	1.326217381810524e-05
3231	笙	1.323899157627699e-05
3232	锥	1.323513662596443e-05
3233	屉	1.321865573085893e-05
3234	彰	1.321529288270381e-05
3235	霹	1.317014647964713e-05
3236	枢	1.31641174687157e-05
3237	冀	1.315004751663595e-05
3238	庐	1.314273666206991e-05
3239	嗣	1.3117908234631e-05
3240	憧	1.310399403291663e-05
3241	斟	1.309082758740343e-05
3242	荫	1.308397666949033e-05
3243	羁	1.307584484302939e-05
3244	肮	1.304737082504418e-05
3245	蘑	1.303829821610496e-05
3246	稣	1.303058497549554e-05
3247	叼	1.30161061908354e-05
3248	抿	1.301441775258674e-05
3249	怅	1.298412095595348e-05
3250	蒲	1.2983701000722e-05
3251	缀	1.293143419754768e-05
3252	钮	1.292886964169208e-05
3253	曦	1.29250684677116e-05
3254	痞	1.292437796150781e-05
3255	檐	1.29229235664753e-05
3256	歆	1.291466244352183e-05
3257	橱	1.288512021673935e-05
3258	亩	1.288325458422891e-05
3259	悚	1.287050675781743e-05
3260	蕉	1.282549987206779e-05
3261	祀	1.281898036247069e-05
3262	茗	1.280864828888002e-05
3263	蛊	1.28049824236359e-05
3264	驯	1.280021344533009e-05
3265	徊	1.277886480418879e-05
3266	俭	1.277591907207442e-05
3267	馅	1.275759826342595e-05
3268	伶	1.272897617731135e-05
3269	忐	1.268252150999741e-05
3270	螂	1.265701880941304e-05
3271	缉	1.263386616126056e-05
3272	癖	1.263227381848236e-05
3273	梢	1.263208620322469e-05
3274	孜	1.261605656026878e-05
3275	叩	1.261230498729989e-05
3276	炯	1.260942852967055e-05
3277	锈	1.260372194193956e-05
3278	呸	1.258427664351363e-05
3279	幺	1.256287736584316e-05
3280	蚩	1.256058980749691e-05
3281	峨	1.255994830108032e-05
3282	旱	1.254054482099919e-05
3283	诫	1.253339689824092e-05
3284	褪	1.252018222109609e-05
3285	搀	1.251937143676551e-05
3286	逾	1.247320582469877e-05
3287	靶	1.246085316963807e-05
3288	霎	1.244642802762901e-05
3289	趾	1.243201300600366e-05
3290	湛	1.242270588630489e-05
3291	袱	1.239163695063275e-05
3292	疮	1.239161667593492e-05
3293	晖	1.238912273069413e-05
3294	鲸	1.237866052527475e-05
3295	冶	1.236148534968797e-05
3296	戾	1.23464121210443e-05
3297	贿	1.233237042651055e-05
3298	尧	1.233175340336247e-05
3299	驭	1.232185695008743e-05
3300	畴	1.230489868282188e-05
3301	饲	1.228722856588695e-05
3302	闵	1.228574785066259e-05
3303	觑	1.227952250671993e-05
3304	窑	1.227880103746041e-05
3305	禧	1.226354847701944e-05
3306	筱	1.225704236128995e-05
3307	沼	1.225098703016666e-05
3308	钝	1.223451501974591e-05
3309	茉	1.219460267530544e-05
3310	牡	1.218241806245976e-05
3311	抒	1.217747923826578e-05
3312	瀑	1.216573695963475e-05
3313	呦	1.215681555862783e-05
3314	跺	1.215523984995096e-05
3315	灶	1.213816841882043e-05
3316	捶	1.213092533567846e-05
3317	恬	1.210967095308428e-05
3318	狰	1.209820089541772e-05
3319	酵	1.207655815512237e-05
3320	榻	1.206661580861284e-05
3321	簇	1.200806083354784e-05
3322	檬	1.198143324214301e-05
3323	瘩	1.196278383111907e-05
3324	妩	1.193289045604676e-05
3325	憔	1.190900521598367e-05
3326	昕	1.190298174975268e-05
3327	惋	1.189521186037027e-05
3328	寅	1.186762361283231e-05
3329	戟	1.185698701909169e-05
3330	斐	1.185241494177129e-05
3331	雳	1.183293253436481e-05
3332	玺	1.181405138459145e-05
3333	顷	1.180321982721956e-05
3334	烙	1.176934945328496e-05
3335	氢	1.175244623130064e-05
3336	扼	1.175105720279468e-05
3337	蛟	1.17262806143337e-05
3338	貂	1.170606818684534e-05
3339	庶	1.165856735585491e-05
3340	牟	1.164524686321868e-05
3341	汀	1.164142541454037e-05
3342	剁	1.163633778731161e-05
3343	卤	1.162797702804178e-05
3344	忿	1.159610104906635e-05
3345	褒	1.157748159883077e-05
3346	惰	1.157625012436333e-05
3347	攘	1.156634431886016e-05
3348	葵	1.153906526758622e-05
3349	舵	1.15268471198561e-05
3350	穹	1.149666395463121e-05
3351	踱	1.149418610876776e-05
3352	猝	1.149294788715111e-05
3353	叱	1.148903698972075e-05
3354	踉	1.144720279829004e-05
3355	楷	1.143648657556888e-05
3356	瞻	1.143597687097315e-05
3357	癫	1.143383377340999e-05
3358	秽	1.141907602063617e-05
3359	憬	1.141810848367284e-05
3360	跄	1.140823544489854e-05
3361	缭	1.139264108839587e-05
3362	坨	1.138856745933912e-05
3363	磅	1.138171457082167e-05
3364	缪	1.135039475765066e-05
3365	韬	1.133084548065667e-05
3366	婕	1.132713960074088e-05
3367	熔	1.132056467806975e-05
3368	禾	1.131772593064534e-05
3369	茬	1.130319500639508e-05
3370	炕	1.12928881842285e-05
3371	柿	1.1271334859435e-05
3372	嘈	1.126445160908622e-05
3373	辗	1.125678452907329e-05
3374	庇	1.123202464121404e-05
3375	囔	1.12210082073444e-05
3376	晾	1.119946149601912e-05
3377	芊	1.119725463542117e-05
3378	赦	1.11896209233615e-05
3379	峙	1.118286409706433e-05
3380	穗	1.118225054758154e-05
3381	孰	1.114047514245937e-05
3382	嗒	1.113267666166857e-05
3383	睬	1.111400186553955e-05
3384	忑	1.111152148109757e-05
3385	邢	1.110771927159952e-05
3386	涟	1.107479101627297e-05
3387	亵	1.106577732732327e-05
3388	洽	1.106515759866546e-05
3389	珂	1.106268967300433e-05
3390	悴	1.102904729679185e-05
3391	惦	1.099712251821061e-05
3392	帜	1.098326706955457e-05
3393	刨	1.093740988559627e-05
3394	迸	1.092683054185303e-05
3395	拷	1.092033588263701e-05
3396	吝	1.091884180679523e-05
3397	煜	1.089097622788555e-05
3398	偎	1.087388509003137e-05
3399	镯	1.086875761506214e-05
3400	哺	1.079985573597829e-05
3401	嚓	1.078369212041579e-05
3402	氨	1.078236779003138e-05
3403	聆	1.072828311843487e-05
3404	苇	1.072460415993532e-05
3405	锯	1.068145058159627e-05
3406	撮	1.062670082215124e-05
3407	蜷	1.062346195989999e-05
3408	悸	1.060467263052603e-05
3409	纺	1.058641301308362e-05
3410	硫	1.058489896315621e-05
3411	莞	1.055645290210481e-05
3412	鑫	1.053117369005969e-05
3413	褚	1.048670864116008e-05
3414	匣	1.048451834748286e-05
3415	隧	1.047145805132345e-05
3416	罡	1.046897011832648e-05
3417	蟑	1.043829862522166e-05
3418	咄	1.041037983795408e-05
3419	雏	1.039455972169562e-05
3420	酌	1.036580132457729e-05
3421	骼	1.03402817897102e-05
3422	怦	1.033325063816321e-05
3423	昵	1.032780661855637e-05
3424	栓	1.032768336755787e-05
3425	褐	1.032631043842925e-05
3426	蔷	1.031739067416428e-05
3427	炙	1.031321360126347e-05
3428	绚	1.029922468079442e-05
3429	屿	1.029890452881051e-05
3430	颐	1.027405806464012e-05
3431	诠	1.026077381239806e-05
3432	嬴	1.026063429509102e-05
3433	煲	1.025660425480204e-05
3434	祟	1.022761074569977e-05
3435	瑾	1.022235641238575e-05
3436	砌	1.021778734118726e-05
3437	黝	1.019662808572658e-05
3438	遏	1.01941056155778e-05
3439	祯	1.019215250491965e-05
3440	茎	1.016445770698492e-05
3441	亥	1.013990704521092e-05
3442	勘	1.013773538948957e-05
3443	隘	1.010639109305005e-05
3444	戎	1.009631003063926e-05
3445	冕	1.009077191941649e-05
3446	鲨	1.006552203368514e-05
3447	惬	1.00549951633944e-05
3448	鄂	1.005425759475755e-05
3449	锣	1.00500889389981e-05
3450	漉	1.00334917069745e-05
3451	漩	1.003028187042483e-05
3452	坝	1.002765178111149e-05
3453	纬	1.000025248496097e-05
3454	唰	9.968592813082404e-06
3455	鸳	9.961981650017097e-06
3456	檀	9.94101254839262e-06
3457	袅	9.91162450241416e-06
3458	橄	9.90799397572763e-06
3459	榄	9.886063349383651e-06
3460	遛	9.863692326179172e-06
3461	闽	9.86316548668853e-06
3462	惘	9.862495388863555e-06
3463	奄	9.858238954344197e-06
3464	娼	9.854657861738064e-06
3465	铝	9.836653163434026e-06
3466	萤	9.816107156843937e-06
3467	曳	9.756485142180231e-06
3468	翡	9.75365213963766e-06
3469	吆	9.745298728741419e-06
3470	椰	9.740938749947199e-06
3471	晏	9.739880862395233e-06
3472	荀	9.739831862608024e-06
3473	攥	9.714332903050951e-06
3474	枭	9.714011248006084e-06
3475	阑	9.660680411354969e-06
3476	琛	9.657520008885694e-06
3477	辄	9.64294265667695e-06
3478	蔼	9.633251788890679e-06
3479	墟	9.628194657174253e-06
3480	掂	9.628001062922948e-06
3481	腑	9.623108666687447e-06
3482	阉	9.622057125241698e-06
3483	粑	9.610299548639102e-06
3484	栅	9.60795801377938e-06
3485	肛	9.604376486880059e-06
3486	圭	9.599304758847248e-06
3487	绢	9.598633458573509e-06
3488	笃	9.597744848935536e-06
3489	鬓	9.574886667049688e-06
3490	蟒	9.563510099774675e-06
3491	殆	9.562937433549932e-06
3492	汕	9.558378449484962e-06
3493	臆	9.547779131656082e-06
3494	梓	9.52923463428697e-06
3495	筐	9.524974893033506e-06
3496	喋	9.516067453868392e-06
3497	陨	9.50077220649623e-06
3498	璧	9.489342430863326e-06
3499	弛	9.478023146835885e-06
3500	悻	9.464608996876919e-06
3501	忡	9.457477307176991e-06
3502	沥	9.432567580765387e-06
3503	宦	9.394976897529804e-06
3504	痹	9.389572558732235e-06
3505	菠	9.373671277182078e-06
3506	皙	9.365391649953743e-06
3507	诩	9.359427571255663e-06
3508	侨	9.348513512462318e-06
3509	懿	9.347838771773476e-06
3510	庵	9.347101203136615e-06
3511	碱	9.343586412143801e-06
3512	芜	9.322916553330828e-06
3513	瘟	9.288916749222697e-06
3514	崭	9.263001742392635e-06
3515	婵	9.25067597549797e-06
3516	湃	9.239963794416292e-06
3517	螃	9.225108810223631e-06
3518	酣	9.220978465893493e-06
3519	俨	9.220960729774198e-06
3520	硝	9.195504323467315e-06
3521	渝	9.173715285465515e-06
3522	韶	9.154134878484613e-06
3523	芠	9.141775443024502e-06
3524	晟	9.124549630908552e-06
3525	闸	9.113522708862409e-06
3526	庚	9.108391025322498e-06
3527	骸	9.08716834068942e-06
3528	蛾	9.070563159067847e-06
3529	紊	9.061490383197428e-06
3530	糯	9.049748739040977e-06
3531	咎	9.045771706928488e-06
3532	辙	9.040116490632043e-06
3533	迄	9.036075461372968e-06
3534	茸	9.033763854051396e-06
3535	呱	9.032948126244756e-06
3536	壕	9.015699467602251e-06
3537	悼	9.005592418861996e-06
3538	捋	9.005542817850404e-06
3539	鞍	8.971861362053035e-06
3540	匮	8.958681422241417e-06
3541	恃	8.953810202540316e-06
3542	甭	8.95162862661665e-06
3543	佼	8.939208935037251e-06
3544	鳄	8.93259369708226e-06
3545	邸	8.93255324811741e-06
3546	铛	8.850115003593666e-06
3547	蹿	8.841027497725863e-06
3548	邃	8.826108316205226e-06
3549	谕	8.796412142730512e-06
3550	薰	8.780543026684844e-06
3551	暄	8.77713882772829e-06
3552	筠	8.754462215606089e-06
3553	鹃	8.750265602912833e-06
3554	姝	8.732469663150666e-06
3555	鬟	8.723191869765668e-06
3556	藻	8.716232297170451e-06
3557	撅	8.715953462737769e-06
3558	篡	8.710122855852702e-06
3559	镰	8.708987410355339e-06
3560	帧	8.694243819604714e-06
3561	傀	8.687849064067064e-06
3562	瘸	8.681860168238092e-06
3563	矶	8.680277879343213e-06
3564	狩	8.677518660468549e-06
3565	榆	8.651053967621293e-06
3566	婧	8.645922284081384e-06
3567	栩	8.642194927019006e-06
3568	膳	8.618596337305579e-06
3569	捍	8.611156520109398e-06
3570	芥	8.59820908720278e-06
3571	汶	8.594353368734647e-06
3572	胯	8.588514478389215e-06
3573	埔	8.573030446560814e-06
3574	搐	8.57225182773472e-06
3575	骁	8.545107918265946e-06
3576	荤	8.538080540996456e-06
3577	钙	8.49653570542513e-06
3578	腌	8.447662713461655e-06
3579	咀	8.447398609026356e-06
3580	拗	8.439544982523524e-06
3581	酋	8.439471332536614e-06
3582	悖	8.438923316511572e-06
3583	痰	8.43020496241489e-06
3584	搔	8.41210523740815e-06
3585	玮	8.403654294480875e-06
3586	抡	8.40098105069297e-06
3587	烨	8.398780536201245e-06
3588	淆	8.394705537764533e-06
3589	俐	8.392898658312433e-06
3590	蜗	8.378774328676226e-06
3591	眺	8.332044567956905e-06
3592	摁	8.323374478742052e-06
3593	缔	8.315335675129278e-06
3594	唏	8.309280644618182e-06
3595	妲	8.303998788663538e-06
3596	痊	8.293368073485748e-06
3597	粟	8.281665642595186e-06
3598	稠	8.276484959268066e-06
3599	珀	8.273680949176874e-06
3600	砚	8.265126428724541e-06
3601	垢	8.246478253399569e-06
3602	鲤	8.239268404529861e-06
3603	驿	8.234994668184394e-06
3604	渤	8.233693017395348e-06
3605	峭	8.219163863568038e-06
3606	偌	8.185037802339491e-06
3607	踝	8.176981429538615e-06
3608	瘪	8.176806005699796e-06
3609	噼	8.16876930637236e-06
3610	噎	8.167771708189882e-06
3611	驹	8.148770146608745e-06
3612	摹	8.115765702716753e-06
3613	馋	8.109351874930045e-06
3614	豚	8.100664650820279e-06
3615	抉	8.090147700731861e-06
3616	祛	8.079327299261256e-06
3617	噔	8.0678465532368e-06
3618	柬	8.062329484867431e-06
3619	淤	8.044417508799359e-06
3620	娓	8.037308365013792e-06
3621	眈	8.02804753959251e-06
3622	鳖	8.019133052665997e-06
3623	鸯	8.004634126989029e-06
3624	缎	7.994127097102928e-06
3625	迂	7.978652083640269e-06
3626	抨	7.961558407207564e-06
3627	蠕	7.94076710106924e-06
3628	蟆	7.932482096071656e-06
3629	拴	7.927574669226578e-06
3630	洼	7.924645003239352e-06
3631	仨	7.920930138208019e-06
3632	伎	7.912650677910877e-06
3633	秤	7.891924036643915e-06
3634	寐	7.860641799996831e-06
3635	忒	7.855581361546299e-06
3636	跤	7.830377469480248e-06
3637	濒	7.825100590251861e-06
3638	殉	7.824430058133699e-06
3639	稼	7.822723750084741e-06
3640	髦	7.820533456407523e-06
3641	腆	7.787470226207004e-06
3642	跷	7.779955089031762e-06
3643	萦	7.776835135527339e-06
3644	枷	7.757429551160872e-06
3645	凋	7.755404293576769e-06
3646	桀	7.750718718528994e-06
3647	桦	7.747106195323755e-06
3648	绫	7.740674798348945e-06
3649	蹑	7.729073373154715e-06
3650	莆	7.724409174822733e-06
3651	翎	7.720203811125726e-06
3652	钳	7.719455286768977e-06
3653	竺	7.692831870684626e-06
3654	茧	7.691585365607614e-06
3655	飒	7.671925296395973e-06
3656	嫡	7.638461650756421e-06
3657	猖	7.630440583262942e-06
3658	踌	7.622803096925774e-06
3659	裆	7.617106262465908e-06
3660	瓢	7.605443512384619e-06
3661	灸	7.600588859604245e-06
3662	垣	7.59956614367868e-06
3663	浒	7.59874577300817e-06
3664	忏	7.587398966340111e-06
3665	讹	7.585717475422049e-06
3666	蘸	7.579748119385521e-06
3667	扉	7.578603354910223e-06
3668	拈	7.567465340034235e-06
3669	肴	7.559934571025038e-06
3670	儡	7.527804006773638e-06
3671	蹊	7.522643163851157e-06
3672	嗑	7.515699523702088e-06
3673	滕	7.498488575264515e-06
3674	肇	7.487115782266993e-06
3675	焊	7.484549422738253e-06
3676	苔	7.484297042178419e-06
3677	糜	7.483356860924511e-06
3678	瞩	7.471294296628573e-06
3679	惆	7.460550684947788e-06
3680	迢	7.459518816975483e-06
3681	箍	7.442289998737617e-06
3682	坷	7.441104217323282e-06
3683	簌	7.432038789826454e-06
3684	嬛	7.431086917947276e-06
3685	礁	7.409460945434248e-06
3686	簧	7.405199400507634e-06
3687	饪	7.395536522905367e-06
3688	胺	7.394208551924468e-06
3689	笋	7.394205980095742e-06
3690	邑	7.393672827749078e-06
3691	绛	7.379381190803225e-06
3692	诬	7.373605429018002e-06
3693	躇	7.369796305439545e-06
3694	祠	7.35168291920319e-06
3695	敝	7.348630002217464e-06
3696	钰	7.347846139303118e-06
3697	羹	7.345561754009973e-06
3698	缰	7.315941635419702e-06
3699	诋	7.303571711783088e-06
3700	蹋	7.303438073038883e-06
3701	渍	7.2954347416647e-06
3702	噱	7.293229884921296e-06
3703	瑚	7.288555566205603e-06
3704	涮	7.281044503920045e-06
3705	褂	7.280462652398364e-06
3706	蓓	7.263020533185554e-06
3707	缥	7.25335404823699e-06
3708	睦	7.227354268768933e-06
3709	睽	7.222676810250329e-06
3710	汐	7.217708058518194e-06
3711	揖	7.197052495409414e-06
3712	坂	7.191476974593905e-06
3713	锵	7.183373071816579e-06
3714	琶	7.142337473297597e-06
3715	琵	7.141320635934864e-06
3716	酝	7.134330835189308e-06
3717	炊	7.122471484734801e-06
3718	靳	7.121607057753143e-06
3719	泯	7.120357546554217e-06
3720	榕	7.11979914278347e-06
3721	鸥	7.116490705434997e-06
3722	颌	7.110804392401834e-06
3723	锄	7.101500579437173e-06
3724	腋	7.096049044525545e-06
3725	涤	7.091211059096697e-06
3726	佯	7.090743740819965e-06
3727	烬	7.075795099304564e-06
3728	桔	7.042150485125748e-06
3729	燎	7.028539734793563e-06
3730	裘	7.012603715910193e-06
3731	铐	7.011642491802884e-06
3732	赁	7.011465898765495e-06
3733	札	7.007604001122338e-06
3734	娲	6.99867942706231e-06
3735	涎	6.991787024666789e-06
3736	赃	6.991466572070687e-06
3737	簸	6.987579289322448e-06
3738	曙	6.970580439411052e-06
3739	侬	6.968768182189702e-06
3740	冽	6.963780324958311e-06
3741	镀	6.958784985672329e-06
3742	瑛	6.95875505813418e-06
3743	娄	6.952692512318298e-06
3744	腼	6.919192492603578e-06
3745	霏	6.903912108909795e-06
3746	笠	6.902618107106532e-06
3747	衮	6.895933127123122e-06
3748	盎	6.879395282632438e-06
3749	萃	6.875021609358408e-06
3750	蕃	6.87353655188237e-06
3751	邋	6.850757898546265e-06
3752	卉	6.835609483604535e-06
3753	幌	6.827060841715034e-06
3754	讷	6.822655737841898e-06
3755	篱	6.800401051555517e-06
3756	捺	6.789585593560974e-06
3757	荔	6.787693373496693e-06
3758	咣	6.78050169503947e-06
3759	岑	6.775654390632686e-06
3760	沓	6.772338738591619e-06
3761	翟	6.768770705990717e-06
3762	缈	6.75633117400668e-06
3763	磋	6.752667246116701e-06
3764	焱	6.716959330286464e-06
3765	熠	6.711537555981791e-06
3766	脐	6.705844028256031e-06
3767	簿	6.667521788627417e-06
3768	芮	6.62260972939909e-06
3769	鸾	6.601776203872962e-06
3770	酪	6.597815438069009e-06
3771	舜	6.586201687774929e-06
3772	胚	6.578669582635967e-06
3773	恺	6.577247052495755e-06
3774	扈	6.571615283950243e-06
3775	墩	6.571343831141349e-06
3776	谩	6.565420936313503e-06
3777	琊	6.560420620301264e-06
3778	龌	6.55020007383363e-06
3779	渎	6.548346766423046e-06
3780	嬷	6.547565308406232e-06
3781	籁	6.542534630562656e-06
3782	蜥	6.508510176254824e-06
3783	羔	6.504385409875328e-06
3784	遐	6.494436483147782e-06
3785	炳	6.490466231434699e-06
3786	冗	6.489602271996427e-06
3787	谏	6.489560019358428e-06
3788	甥	6.478195944114458e-06
3789	辍	6.453597651933213e-06
3790	胭	6.425458816541487e-06
3791	诣	6.423230946340338e-06
3792	囤	6.420591838661263e-06
3793	恙	6.418830351650072e-06
3794	嘭	6.403813471167208e-06
3795	帷	6.398287685044287e-06
3796	惴	6.391508613444948e-06
3797	韭	6.387393934198965e-06
3798	寰	6.385483343540808e-06
3799	屹	6.383388343928286e-06
3800	蹙	6.380746363808293e-06
3801	轼	6.37160852202352e-06
3802	撂	6.371303534330179e-06
3803	磷	6.342820364298228e-06
3804	皎	6.341423987418672e-06
3805	褶	6.336833572754596e-06
3806	籽	6.333825146373206e-06
3807	钵	6.316206267191814e-06
3808	慵	6.300060721610992e-06
3809	珏	6.298844110821934e-06
3810	阪	6.286604352264224e-06
3811	鹊	6.280271088544829e-06
3812	鹫	6.27967721253549e-06
3813	蜕	6.270928663538665e-06
3814	奚	6.268412940539086e-06
3815	袄	6.253459789840813e-06
3816	剌	6.251588746310933e-06
3817	沂	6.249313679995723e-06
3818	炜	6.248650362570155e-06
3819	羲	6.240261946978705e-06
3820	媲	6.22993364766553e-06
3821	攸	6.22249877394541e-06
3822	孺	6.209459053096013e-06
3823	诟	6.204175426718416e-06
3824	潦	6.176887190147542e-06
3825	叟	6.176570478578734e-06
3826	釜	6.175823757895132e-06
3827	璀	6.171292998125963e-06
3828	棣	6.160338056074579e-06
3829	挎	6.143385500440669e-06
3830	犊	6.128759883350096e-06
3831	祺	6.118260368768782e-06
3832	玑	6.117685130715314e-06
3833	疵	6.097788045415799e-06
3834	撬	6.079086194189554e-06
3835	曜	6.071438186425684e-06
3836	麾	6.06843096249306e-06
3837	涧	6.06062302904333e-06
3838	瞌	6.052176294686737e-06
3839	捎	6.041278468951731e-06
3840	璨	6.038372851939823e-06
3841	轲	6.036297993344129e-06
3842	嫦	6.022439237953984e-06
3843	殃	6.021382118557597e-06
3844	飓	6.017520989070016e-06
3845	藕	6.0099344731244e-06
3846	桨	6.009064935735487e-06
3847	冢	6.005097088919936e-06
3848	骰	6.004041472584505e-06
3849	掳	5.992438844941509e-06
3850	啬	5.972255710516716e-06
3851	荼	5.972049791165563e-06
3852	羯	5.948342680451016e-06
3853	谙	5.936995873782958e-06
3854	骋	5.924439837949631e-06
3855	汲	5.922944425978084e-06
3856	邂	5.921939913715203e-06
3857	芋	5.915808527707476e-06
3858	袒	5.903054989664355e-06
3859	褥	5.895347460686574e-06
3860	吮	5.873289975997795e-06
3861	蜻	5.869140559418599e-06
3862	缤	5.860184421078469e-06
3863	犁	5.852256843976536e-06
3864	捻	5.849308840645631e-06
3865	饷	5.841545397800238e-06
3866	羌	5.825269085916129e-06
3867	椭	5.824700327649876e-06
3868	濡	5.823719864362312e-06
3869	蹂	5.808195984793442e-06
3870	臻	5.795354968602604e-06
3871	嗲	5.790136408139361e-06
3872	脓	5.780726044777925e-06
3873	孵	5.768711879044812e-06
3874	咫	5.763415293092786e-06
3875	浣	5.762052451097676e-06
3876	谛	5.761227404313101e-06
3877	饵	5.759304354874096e-06
3878	鹦	5.742855190979894e-06
3879	粽	5.73357228718764e-06
3880	窖	5.731416096369055e-06
3881	珉	5.724455455006071e-06
3882	杞	5.720937190347956e-06
3883	苯	5.715499784209326e-06
3884	痪	5.684049805959405e-06
3885	啄	5.668288442759277e-06
3886	谑	5.659130894250863e-06
3887	淼	5.656378288844412e-06
3888	珞	5.645249292334168e-06
3889	醺	5.64019997653472e-06
3890	邯	5.609202887176341e-06
3891	恿	5.594873373094361e-06
3892	膺	5.583988473683589e-06
3893	焙	5.581208078274524e-06
3894	恪	5.576928029073038e-06
3895	卯	5.561901829612238e-06
3896	樵	5.555393008373026e-06
3897	羚	5.554075859431021e-06
3898	唆	5.533168082693601e-06
3899	崆	5.531618694208589e-06
3900	篝	5.524425679621602e-06
3901	焖	5.524242172503811e-06
3902	魇	5.522345109394271e-06
3903	哝	5.521607540757411e-06
3904	沽	5.520794986003879e-06
3905	龊	5.502172195783988e-06
3906	飕	5.488430979760706e-06
3907	酶	5.481272702506933e-06
3908	钠	5.463345996441479e-06
3909	蝗	5.460088796846553e-06
3910	纶	5.448976634619032e-06
3911	俑	5.448887352798167e-06
3912	幡	5.448165716607455e-06
3913	啜	5.438450966777061e-06
3914	羿	5.433257357125709e-06
3915	缆	5.419761908194051e-06
3916	嫔	5.416357408625306e-06
3917	嚏	5.412127728590988e-06
3918	迥	5.407940434875667e-06
3919	锢	5.357094191237214e-06
3920	馍	5.34668412540796e-06
3921	陇	5.344988940010088e-06
3922	窿	5.341441950262588e-06
3923	蜒	5.333422085217876e-06
3924	烽	5.322085966907712e-06
3925	颔	5.316490271825178e-06
3926	螳	5.314839142738452e-06
3927	汩	5.304511277718466e-06
3928	氪	5.30402114616538e-06
3929	骡	5.297205533559679e-06
3930	徨	5.281137545924256e-06
3931	渭	5.276910571399661e-06
3932	鞑	5.268077684058031e-06
3933	喱	5.266298494177742e-06
3934	阙	5.265177778677761e-06
3935	痉	5.258925546569064e-06
3936	诲	5.258331971171916e-06
3937	簪	5.256195487076972e-06
3938	轶	5.25499016587019e-06
3939	醛	5.254067286442391e-06
3940	霁	5.25341642779767e-06
3941	毓	5.248247768958211e-06
3942	辘	5.248083935313862e-06
3943	氯	5.242188396195438e-06
3944	疹	5.234319137858649e-06
3945	睾	5.233460723120821e-06
3946	咻	5.221147882550387e-06
3947	耷	5.220323436990194e-06
3948	撵	5.217101876565056e-06
3949	谧	5.211248256222243e-06
3950	弼	5.210322203741334e-06
3951	帛	5.2073047589942e-06
3952	缨	5.202373884398189e-06
3953	蜓	5.20014811848238e-06
3954	炬	5.173037109423473e-06
3955	苞	5.169255341554439e-06
3956	谤	5.166740987934822e-06
3957	槟	5.163726849921795e-06
3958	徙	5.160860011882585e-06
3959	忻	5.152465116503921e-06
3960	掣	5.14125044551911e-06
3961	绥	5.137073372618299e-06
3962	摞	5.13200541886298e-06
3963	呲	5.122014707040821e-06
3964	纣	5.117920001880471e-06
3965	侏	5.113884216709649e-06
3966	镑	5.11376757917936e-06
3967	蜿	5.110342036757214e-06
3968	髯	5.107294831403125e-06
3969	胰	5.098254087356194e-06
3970	帚	5.093107506887709e-06
3971	溥	5.08478492536619e-06
3972	瞿	5.08327491707826e-06
3973	劭	5.082499170693084e-06
3974	氮	5.04916796134897e-06
3975	柚	5.046406938801157e-06
3976	啕	5.045989822760399e-06
3977	吒	5.041924878207005e-06
3978	湄	5.033929963974184e-06
3979	赂	5.030025846943224e-06
3980	祎	5.028775734519914e-06
3981	躏	5.017150260350367e-06
3982	逅	5.012955751942451e-06
3983	亘	5.008080490601862e-06
3984	睐	5.00501013810903e-06
3985	瀛	5.003247615580269e-06
3986	哐	4.997131861406498e-06
3987	戛	4.985618381903371e-06
3988	衲	4.976246931195631e-06
3989	跆	4.961515799225853e-06
3990	铎	4.955253479983643e-06
3991	蕙	4.951309381531218e-06
3992	丕	4.943810043121127e-06
3993	焘	4.942371580534766e-06
3994	琏	4.941172271571815e-06
3995	鳌	4.932011115717103e-06
3996	娆	4.920139440162746e-06
3997	吠	4.905003517252061e-06
3998	掖	4.904894395026559e-06
3999	稷	4.901116835728206e-06
4000	纨	4.88498692198134e-06
4001	遢	4.881716361768993e-06
4002	粱	4.874913241194336e-06
4003	垠	4.863939661187081e-06
4004	舷	4.863251693561813e-06
4005	坍	4.861886747281364e-06
4006	鼾	4.846144022037108e-06
4007	琥	4.845895716366956e-06
4008	伫	4.843255539920113e-06
4009	诽	4.841643490418279e-06
4010	踞	4.841061939508789e-06
4011	藐	4.825855372733111e-06
4012	臊	4.822932620826288e-06
4013	篓	4.819079607867877e-06
4014	嗝	4.817857452378375e-06
4015	豌	4.815242093062425e-06
4016	滇	4.811861642468999e-06
4017	倜	4.811119865261458e-06
4018	湮	4.800024236704467e-06
4019	赣	4.799854992040672e-06
4020	毡	4.792158285101785e-06
4021	鱿	4.791624397849742e-06
4022	蔻	4.783636397697325e-06
4023	潺	4.775180778655984e-06
4024	痔	4.771267810190474e-06
4025	恻	4.763192766183529e-06
4026	糗	4.750837706225293e-06
4027	匾	4.747246827097841e-06
4028	喏	4.745332194800199e-06
4029	偕	4.739909218046758e-06
4030	麓	4.72302249648278e-06
4031	搪	4.722987324856378e-06
4032	鸠	4.720816871583798e-06
4033	瞠	4.719103048230054e-06
4034	噶	4.717887205596572e-06
4035	痣	4.717743512969052e-06
4036	酮	4.711194276015187e-06
4037	虬	4.709204924962867e-06
4038	矗	4.697250881668047e-06
4039	晤	4.691110176682384e-06
4040	璞	4.685966769267007e-06
4041	驮	4.680181087279466e-06
4042	篆	4.633700567317067e-06
4043	蟾	4.632843355028004e-06
4044	阜	4.632716797295396e-06
4045	崴	4.630772705002991e-06
4046	樟	4.630721901542633e-06
4047	瘴	4.622858354837482e-06
4048	馄	4.618485282787835e-06
4049	臃	4.604604282095523e-06
4050	啷	4.602218122950468e-06
4051	轧	4.597793044991697e-06
4052	荟	4.583330960933282e-06
4053	岌	4.562966991650224e-06
4054	黠	4.56120807646776e-06
4055	垦	4.560862372447575e-06
4056	佘	4.555214972068107e-06
4057	瞰	4.553761044578984e-06
4058	玟	4.553136506126115e-06
4059	鹉	4.550773360438806e-06
4060	娉	4.550291612776883e-06
4061	泸	4.540568011511939e-06
4062	酗	4.539601376385183e-06
4063	踵	4.535035444989612e-06
4064	皈	4.533409867939162e-06
4065	挛	4.525947337897427e-06
4066	洱	4.524485293879135e-06
4067	岱	4.523966570917662e-06
4068	舶	4.523399315712366e-06
4069	睨	4.522143024114034e-06
4070	皿	4.518593796400197e-06
4071	晁	4.502091257216912e-06
4072	怆	4.498100563874809e-06
4073	煦	4.482164244379248e-06
4074	獠	4.48017866760442e-06
4075	缇	4.471077934800193e-06
4076	皖	4.466782420695945e-06
4077	莘	4.462081514426405e-06
4078	胥	4.448865033608427e-06
4079	髻	4.4441707408071e-06
4080	摒	4.428657549596126e-06
4081	咂	4.420106035265708e-06
4082	睑	4.415558006920627e-06
4083	嗬	4.407272233767465e-06
4084	涣	4.386034084231624e-06
4085	鸨	4.382149506993109e-06
4086	烊	4.378311390963275e-06
4087	筏	4.377177147914677e-06
4088	碉	4.376710597793522e-06
4089	玷	4.374788450191093e-06
4090	蜈	4.355915550627902e-06
4091	昙	4.351885176476527e-06
4092	翌	4.340160199671604e-06
4093	獒	4.339924820325686e-06
4094	宕	4.333455846826942e-06
4095	壹	4.332380991311258e-06
4096	诃	4.323723360877252e-06
4097	谄	4.312812608818013e-06
4098	锭	4.311175742185285e-06
4099	龈	4.308151850901133e-06
4100	癞	4.307927427275106e-06
4101	孚	4.307895862995001e-06
4102	嵋	4.304163094913177e-06
4103	昱	4.303006472881414e-06
4104	镐	4.2819153227072e-06
4105	卞	4.277995273230092e-06
4106	珅	4.26185964785159e-06
4107	咿	4.249858408442709e-06
4108	蟠	4.239878218047251e-06
4109	蹒	4.229011355367967e-06
4110	粼	4.223129176866965e-06
4111	骜	4.222897404867344e-06
4112	殡	4.217649083797146e-06
4113	笺	4.217067833499848e-06
4114	彝	4.214705890261305e-06
4115	缄	4.207965297022473e-06
4116	弑	4.207739837878874e-06
4117	铿	4.204018493060325e-06
4118	岐	4.18883747832092e-06
4119	猬	4.181808597990473e-06
4120	涓	4.179015409938172e-06
4121	衩	4.16660954651958e-06
4122	跚	4.164051136588815e-06
4123	甬	4.153122648410279e-06
4124	蛆	4.149693064348647e-06
4125	戊	4.14860768740626e-06
4126	宸	4.147076335652737e-06
4127	臧	4.145966909735033e-06
4128	拄	4.141969903536911e-06
4129	熹	4.136842729179873e-06
4130	秧	4.133957553796985e-06
4131	咩	4.133221354540085e-06
4132	淅	4.121966535202614e-06
4133	皑	4.119029955134985e-06
4134	泓	4.106076209372348e-06
4135	隅	4.104900648772522e-06
4136	磐	4.093949314067436e-06
4137	瓮	4.090078865601919e-06
4138	阖	4.089941185218228e-06
4139	颧	4.087425629149845e-06
4140	旌	4.08200248546521e-06
4141	泵	4.073258445651258e-06
4142	斓	4.064948623522777e-06
4143	钊	4.059077567672859e-06
4144	佗	4.050942868771006e-06
4145	窈	4.048914003840607e-06
4146	啐	4.048128036640921e-06
4147	烯	4.027126034606576e-06
4148	瞑	4.02402665641217e-06
4149	濮	4.019998687158325e-06
4150	玥	4.009818890267734e-06
4151	峥	4.008714574757286e-06
4152	杵	4.005892227322414e-06
4153	殇	4.004792120382646e-06
4154	颦	4.000692906039424e-06
4155	恣	3.996808930025292e-06
4156	妊	3.994274736001038e-06
4157	翱	3.990953806621521e-06
4158	钛	3.984365189470574e-06
4159	瑀	3.973195142771098e-06
4160	胄	3.963073664645651e-06
4161	噤	3.960053514388794e-06
4162	壑	3.888948382053299e-06
4163	蹩	3.884585230205971e-06
4164	濑	3.879625196227388e-06
4165	踮	3.862686468754286e-06
4166	泱	3.862537064495127e-06
4167	逵	3.860846989504509e-06
4168	澹	3.844078408531777e-06
4169	琰	3.843944034882192e-06
4170	锂	3.842042495839977e-06
4171	馥	3.838653026880805e-06
4172	峦	3.832015243011456e-06
4173	觊	3.829801501583304e-06
4174	擞	3.828023347220587e-06
4175	炀	3.826828547440508e-06
4176	禺	3.823893169821644e-06
4177	缜	3.820558879824706e-06
4178	荻	3.81305095734206e-06
4179	芈	3.805284675305947e-06
4180	蜴	3.802903025343764e-06
4181	怏	3.80201304632583e-06
4182	贻	3.800651406779488e-06
4183	皋	3.797982672174454e-06
4184	釉	3.79125517219105e-06
4185	戍	3.773846420931493e-06
4186	毗	3.773642605865679e-06
4187	戬	3.757938358981929e-06
4188	扪	3.756382824572091e-06
4189	妤	3.755107895017888e-06
4190	阂	3.747733310667255e-06
4191	嚅	3.745098545239858e-06
4192	隽	3.740820466642714e-06
4193	靥	3.736951821850346e-06
4194	呓	3.734975263441262e-06
4195	盅	3.731968941345212e-06
4196	町	3.715616875188854e-06
4197	垛	3.712969784661606e-06
4198	汴	3.711903947511666e-06
4199	苓	3.710701031202417e-06
4200	霭	3.709980898072662e-06
4201	蒿	3.707364636920139e-06
4202	桢	3.706911146804214e-06
4203	蚯	3.692574117417448e-06
4204	蚣	3.689829628540165e-06
4205	梆	3.688873214227918e-06
4206	蛰	3.685718089097094e-06
4207	掬	3.679013569321238e-06
4208	忱	3.674870465598063e-06
4209	箐	3.662092577967432e-06
4210	蔫	3.657838548345606e-06
4211	娑	3.655811787700547e-06
4212	镔	3.647097341562353e-06
4213	赡	3.646307332723182e-06
4214	渥	3.644734195875044e-06
4215	巳	3.642810545211657e-06
4216	俟	3.638030277323571e-06
4217	窕	3.621858578482092e-06
4218	爻	3.616557049054005e-06
4219	剐	3.613813462013297e-06
4220	叁	3.610942716015599e-06
4221	郸	3.609757535825646e-06
4222	铂	3.602239860071876e-06
4223	闫	3.597681443981091e-06
4224	噘	3.597013917984843e-06
4225	砾	3.59692102881768e-06
4226	剽	3.594609287815111e-06
4227	竣	3.592745158365635e-06
4228	戌	3.582667569620142e-06
4229	噌	3.571790786738538e-06
4230	姣	3.569736970996247e-06
4231	仄	3.566311294893103e-06
4232	锚	3.561628425355052e-06
4233	鹭	3.560831335504282e-06
4234	咛	3.534932561732559e-06
4235	椿	3.525411873696855e-06
4236	琬	3.51699022383315e-06
4237	翊	3.515944828312229e-06
4238	闰	3.507585872715543e-06
4239	俸	3.506876862236872e-06
4240	咤	3.503714221801261e-06
4241	隼	3.501805301135256e-06
4242	偃	3.496759893294297e-06
4243	舀	3.496725924116661e-06
4244	罔	3.48458279575341e-06
4245	泞	3.483852141196954e-06
4246	奘	3.478480569128255e-06
4247	壬	3.473545786573755e-06
4248	坯	3.470614918137764e-06
4249	俾	3.466622421122513e-06
4250	疡	3.466236435068671e-06
4251	蔗	3.460481114912467e-06
4252	蚌	3.454633807425675e-06
4253	愫	3.449787705467658e-06
4254	嘣	3.446721260933315e-06
4255	蛀	3.425395633249759e-06
4256	杳	3.420775892271916e-06
4257	揩	3.418840818345253e-06
4258	弋	3.416875081975061e-06
4259	驸	3.405872342585234e-06
4260	劾	3.397792956326611e-06
4261	桅	3.383899029310065e-06
4262	馁	3.380913148843036e-06
4263	婀	3.368886357397881e-06
4264	榭	3.361844851355393e-06
4265	蚓	3.350582383032139e-06
4266	暨	3.349282068372855e-06
4267	嗫	3.345968053073742e-06
4268	蛐	3.344732370035623e-06
4269	瑙	3.3407107136378e-06
4270	骥	3.332742854502211e-06
4271	彗	3.329459969190013e-06
4272	匍	3.324768983122792e-06
4273	跛	3.32283601348147e-06
4274	圃	3.319855544033887e-06
4275	腱	3.303132221821069e-06
4276	晔	3.293887328845936e-06
4277	聿	3.289775188178481e-06
4278	黔	3.284600216483001e-06
4279	娩	3.274382542456285e-06
4280	娠	3.273234337565883e-06
4281	搡	3.27175649478244e-06
4282	泗	3.268740252484072e-06
4283	笈	3.263869500326355e-06
4284	徵	3.261680409097904e-06
4285	谚	3.256518363726657e-06
4286	筵	3.255797028148136e-06
4287	鸢	3.251787095625779e-06
4288	酉	3.227603948880949e-06
4289	潼	3.226738018838334e-06
4290	犷	3.223682696955075e-06
4291	薏	3.223211637651048e-06
4292	覃	3.218876877030714e-06
4293	掇	3.216614737039738e-06
4294	耘	3.211622537556668e-06
4295	掸	3.210780957101561e-06
4296	啾	3.210653196920188e-06
4297	涔	3.209906910529776e-06
4298	饨	3.208479737525694e-06
4299	礴	3.200649558773796e-06
4300	嘚	3.200066371122352e-06
4301	鳗	3.18440661484294e-06
4302	涸	3.183792597816772e-06
4303	盹	3.182792895348954e-06
4304	洵	3.181751107174331e-06
4305	菡	3.178882766074165e-06
4306	嵇	3.178727650183368e-06
4307	夙	3.177656702626172e-06
4308	挲	3.175876744590306e-06
4309	阚	3.173889965366712e-06
4310	暹	3.167458568391902e-06
4311	溟	3.161804554544222e-06
4312	臼	3.154583583023429e-06
4313	邺	3.147777756939049e-06
4314	邬	3.144856207480993e-06
4315	饕	3.139508984999803e-06
4316	匐	3.133735928724302e-06
4317	熨	3.124445509627261e-06
4318	旮	3.10851129441704e-06
4319	黍	3.10418481725707e-06
4320	恸	3.100820599721982e-06
4321	瘠	3.098509459943797e-06
4322	湍	3.082647091047336e-06
4323	镁	3.082232546835305e-06
4324	氟	3.082082541351763e-06
4325	苻	3.081745388153936e-06
4326	砺	3.065519879730185e-06
4327	贲	3.059738105701132e-06
4328	烩	3.042320803619216e-06
4329	忪	3.041716406183176e-06
4330	揶	3.033661369512062e-06
4331	岖	3.032766580699065e-06
4332	旖	3.02779782896693e-06
4333	龇	3.027784902642697e-06
4334	荃	3.027703737351001e-06
4335	痤	3.026066135812893e-06
4336	幔	3.025765657302424e-06
4337	鞅	3.025486087964361e-06
4338	塾	3.018608415566221e-06
4339	谥	3.015414812074889e-06
4340	糠	3.008513691925815e-06
4341	槿	3.004183006195164e-06
4342	潢	2.998599335600287e-06
4343	揄	2.990688592781077e-06
4344	箴	2.99057015157764e-06
4345	埠	2.989534676259037e-06
4346	滢	2.982857211580414e-06
4347	珈	2.979654890335528e-06
4348	舫	2.978852389465312e-06
4349	呤	2.971723104662915e-06
4350	枸	2.967174174481261e-06
4351	袤	2.95849910854015e-06
4352	骛	2.954452200718243e-06
4353	蟋	2.951733263877235e-06
4354	泾	2.950487360024607e-06
4355	贮	2.947608798109931e-06
4356	诘	2.941600061876322e-06
4357	癸	2.936548341179342e-06
4358	汾	2.928474666552357e-06
4359	熵	2.927085070072208e-06
4360	觎	2.923585877663152e-06
4361	拮	2.913318302012652e-06
4362	蝈	2.908762892043783e-06
4363	蚤	2.906466181650787e-06
4364	鳅	2.905681416899867e-06
4365	谆	2.904563874452994e-06
4366	蔺	2.901562963376392e-06
4367	钾	2.899192602996487e-06
4368	罂	2.896598119602746e-06
4369	蹶	2.891483871569941e-06
4370	俪	2.890385568303322e-06
4371	峪	2.889651907624952e-06
4372	嵬	2.885823544866241e-06
4373	廿	2.88450338980232e-06
4374	耙	2.880638652968442e-06
4375	攫	2.861599214251179e-06
4376	峒	2.856799105958457e-06
4377	锌	2.855364417649588e-06
4378	嗟	2.853518625543791e-06
4379	胱	2.853231240288749e-06
4380	瓒	2.851745581588329e-06
4381	蚱	2.846645462328523e-06
4382	堰	2.843449453939659e-06
4383	袂	2.82975182668414e-06
4384	彧	2.826433168521158e-06
4385	痿	2.82440460420295e-06
4386	镣	2.820604198378046e-06
4387	蟀	2.819747587313365e-06
4388	挞	2.816444260372148e-06
4389	恁	2.812635136793691e-06
4390	豺	2.807614379152432e-06
4391	氤	2.805667881962494e-06
4392	叵	2.800541609442031e-06
4393	趔	2.798789007115588e-06
4394	呷	2.792634774581309e-06
4395	桧	2.792590584589164e-06
4396	鲲	2.788516922282217e-06
4397	颚	2.786462505315543e-06
4398	槌	2.781648869474204e-06
4399	谒	2.77172489355855e-06
4400	跻	2.76836354846438e-06
4401	胴	2.76773690572617e-06
4402	娣	2.763794610946894e-06
4403	馊	2.753515010808736e-06
4404	褴	2.748635540897467e-06
4405	绾	2.747724519026131e-06
4406	麝	2.745466888218026e-06
4407	淞	2.744477105952526e-06
4408	傥	2.742615682012773e-06
4409	蓟	2.737650838239127e-06
4410	刽	2.727561826230358e-06
4411	镂	2.727547998069551e-06
4412	敕	2.726655614154086e-06
4413	炅	2.726340271965238e-06
4414	蜃	2.724670939215832e-06
4415	遑	2.717363391383896e-06
4416	愠	2.716728632116517e-06
4417	榔	2.716381124423182e-06
4418	燮	2.713648660033559e-06
4419	栀	2.712414480056398e-06
4420	靼	2.711651058771071e-06
4421	斡	2.710600552842896e-06
4422	臾	2.708694638298806e-06
4423	谔	2.705160140582351e-06
4424	宓	2.704716570668745e-06
4425	沏	2.704689816183705e-06
4426	瘁	2.700631485098522e-06
4427	碴	2.697578568112796e-06
4428	锏	2.690672036944275e-06
4429	莠	2.682196143205109e-06
4430	婠	2.68179315593735e-06
4431	锹	2.678653963252673e-06
4432	憩	2.675626598303221e-06
4433	旯	2.674479896473776e-06
4434	噙	2.661720045574634e-06
4435	漳	2.661378550125129e-06
4436	诙	2.655421519188452e-06
4437	趄	2.648778624911847e-06
4438	堑	2.646569392666568e-06
4439	艮	2.644566079772443e-06
4440	贰	2.643553450980391e-06
4441	醍	2.641238102631525e-06
4442	碘	2.639183685664851e-06
4443	虱	2.63651344799886e-06
4444	嶙	2.631664039306737e-06
4445	匝	2.625599389205515e-06
4446	楣	2.621671523811429e-06
4447	雒	2.619760799472276e-06
4448	潸	2.617507677847042e-06
4449	纰	2.616419595394933e-06
4450	氲	2.60964593481504e-06
4451	瞭	2.60941807077391e-06
4452	哏	2.609091906546169e-06
4453	箩	2.606568367629614e-06
4454	绔	2.606480889481897e-06
4455	沅	2.594649495961195e-06
4456	褛	2.593647989820229e-06
4457	胫	2.593328739672892e-06
4458	馗	2.592662716737601e-06
4459	蜚	2.59246972371068e-06
4460	佚	2.588506386078001e-06
4461	胛	2.585364788495793e-06
4462	榛	2.571529781468775e-06
4463	昀	2.568549913245574e-06
4464	氰	2.568103804753439e-06
4465	葆	2.561565222907272e-06
4466	浚	2.560583557170942e-06
4467	诌	2.554491851972488e-06
4468	茱	2.55252280886819e-06
4469	腓	2.548282908019362e-06
4470	袈	2.544614470946511e-06
4471	孑	2.543402235659327e-06
4472	犒	2.541524278049043e-06
4473	裱	2.532284361800168e-06
4474	孱	2.530434962348074e-06
4475	绡	2.525419014501878e-06
4476	喆	2.523232027558768e-06
4477	槃	2.520219993831081e-06
4478	醐	2.51522959802116e-06
4479	纂	2.509449627665256e-06
4480	楮	2.508750537388904e-06
4481	纫	2.505370854951054e-06
4482	颀	2.504699721608508e-06
4483	绉	2.503542498352362e-06
4484	蹴	2.502311625109307e-06
4485	徕	2.496274030105317e-06
4486	谟	2.494514513698471e-06
4487	荦	2.49174176727519e-06
4488	赳	2.483536424508343e-06
4489	鬃	2.482618789168795e-06
4490	箕	2.482540629999014e-06
4491	孬	2.476604341303548e-06
4492	辎	2.474683095537693e-06
4493	挝	2.471331971258032e-06
4494	迩	2.461651190605274e-06
4495	肱	2.45819876001709e-06
4496	惇	2.457556485444925e-06
4497	擀	2.449252842491468e-06
4498	酰	2.447063150038634e-06
4499	淬	2.445533601958259e-06
4500	酯	2.445057732859169e-06
4501	猕	2.440177060499134e-06
4502	阈	2.431036646885634e-06
4503	噫	2.426548874659844e-06
4504	鸵	2.426310489192012e-06
4505	髋	2.423074499381682e-06
4506	犟	2.422602371309887e-06
4507	谀	2.421504669267651e-06
4508	柑	2.421270492370499e-06
4509	啵	2.419400651289385e-06
4510	砥	2.417326093305882e-06
4511	祢	2.412617371119366e-06
4512	颉	2.410539205789565e-06
4513	眦	2.410458040497869e-06
4514	淄	2.405504920599691e-06
4515	嘹	2.392593260543858e-06
4516	泷	2.392236133260397e-06
4517	咝	2.389695158836737e-06
4518	裟	2.38761759473132e-06
4519	隗	2.384676204868627e-06
4520	倌	2.382667480955056e-06
4521	荚	2.374153409467573e-06
4522	夥	2.36260068344836e-06
4523	啻	2.359655085014987e-06
4524	嵘	2.359567606867271e-06
4525	谌	2.351295528193918e-06
4526	珩	2.350598542202906e-06
4527	嗵	2.346700738027967e-06
4528	楔	2.344415751510438e-06
4529	玖	2.34440372702278e-06
4530	踊	2.343403423330579e-06
4531	洙	2.336459616250316e-06
4532	餮	2.335426545829246e-06
4533	孪	2.328519714048534e-06
4534	闾	2.323514588241231e-06
4535	沱	2.322498051490691e-06
4536	渚	2.319328797586867e-06
4537	蚝	2.318099126792578e-06
4538	嘞	2.314453536246278e-06
4539	聒	2.312409640706306e-06
4540	苒	2.306616744026168e-06
4541	裨	2.305374748132029e-06
4542	腩	2.296143249024515e-06
4543	蝌	2.294252365089998e-06
4544	囡	2.280585700890201e-06
4545	葭	2.278551124328163e-06
4546	蘅	2.267616623905798e-06
4547	笆	2.267542973918889e-06
4548	怵	2.260579627046181e-06
4549	犄	2.260410682994578e-06
4550	雉	2.2525128664996e-06
4551	烷	2.239124134895912e-06
4552	腚	2.23830419851859e-06
4553	夯	2.237317422375005e-06
4554	佰	2.237260306058627e-06
4555	宥	2.237152085669699e-06
4556	饬	2.23137512143571e-06
4557	芍	2.226475811119803e-06
4558	佻	2.225488433751835e-06
4559	栾	2.220492626922469e-06
4560	偻	2.218500136067236e-06
4561	盂	2.212451117799971e-06
4562	赈	2.205508513168474e-06
4563	镳	2.201503691053372e-06
4564	鼬	2.197168796752042e-06
4565	樽	2.193393341739029e-06
4566	雎	2.193325703995949e-06
4567	獗	2.187484408752986e-06
4568	跂	2.185650641134848e-06
4569	亟	2.181393304778915e-06
4570	谗	2.176567343837726e-06
4571	蹉	2.174236964879286e-06
4572	铳	2.172496687652694e-06
4573	嚯	2.171382151327736e-06
4574	畿	2.169490666168836e-06
4575	铉	2.167383040844273e-06
4576	罹	2.166285940026419e-06
4577	囱	2.160497251916963e-06
4578	侗	2.159450052722893e-06
4579	璎	2.146589196127418e-06
4580	姒	2.146576871027568e-06
4581	佝	2.141454506465595e-06
4582	唷	2.138613821687043e-06
4583	糅	2.138227835633201e-06
4584	牒	2.134561202233499e-06
4585	茴	2.13412260904615e-06
4586	溉	2.123369077163047e-06
4587	痫	2.122120768412887e-06
4588	兖	2.110496496692105e-06
4589	遨	2.110392184261667e-06
4590	孢	2.110078645745968e-06
4591	茁	2.108381656674947e-06
4592	翦	2.106512416818215e-06
4593	泠	2.103518419822016e-06
4594	旎	2.102561404285386e-06
4595	阏	2.101610100380394e-06
4596	浃	2.100463097938758e-06
4597	闳	2.09658814029037e-06
4598	枇	2.087113145307769e-06
4599	魑	2.086409245236353e-06
4600	妪	2.08354781821659e-06
4601	榷	2.081300408222995e-06
4602	膈	2.081059317245439e-06
4603	锷	2.080555925505731e-06
4604	砒	2.079175347391326e-06
4605	馏	2.079144985559988e-06
4606	粕	2.077148586746266e-06
4607	铀	2.05433128811846e-06
4608	汞	2.052211037081854e-06
4609	佶	2.051524271905352e-06
4610	谲	2.050485489852644e-06
4611	纭	2.045532369954465e-06
4612	泫	2.041440069691647e-06
4613	鹜	2.024405146317276e-06
4614	沣	2.018544010669676e-06
4615	銮	2.018526575162571e-06
4616	鲫	2.012260214280875e-06
4617	坳	2.008550893949985e-06
4618	抻	2.00138523507242e-06
4619	懑	2.000433329943045e-06
4620	蝼	1.998292036053038e-06
4621	祗	1.997457670290526e-06
4622	杷	1.996126392575521e-06
4623	疟	1.993166364756958e-06
4624	粲	1.990477188522905e-06
4625	忤	1.990460053627992e-06
4626	骠	1.986507838646396e-06
4627	祐	1.985397210279928e-06
4628	姹	1.984536691256758e-06
4629	钏	1.98344049227548e-06
4630	嗳	1.98052435383687e-06
4631	鹘	1.9774236395127e-06
4632	腴	1.975474136200848e-06
4633	赓	1.973489461262594e-06
4634	骊	1.971401976954858e-06
4635	琮	1.958533304442405e-06
4636	缮	1.956435899932352e-06
4637	檄	1.952399513537146e-06
4638	楂	1.951158720091772e-06
4639	恹	1.940529641655937e-06
4640	觐	1.939441258591637e-06
4641	繇	1.937487246096912e-06
4642	蛹	1.936450868941735e-06
4643	遽	1.934516095627264e-06
4644	雹	1.933478516023321e-06
4645	鳝	1.932214274827014e-06
4646	峋	1.930507365553674e-06
4647	孛	1.923524478888521e-06
4648	瑁	1.923449626452846e-06
4649	幄	1.921424669480935e-06
4650	漕	1.92042767252284e-06
4651	殒	1.919466147803338e-06
4652	龋	1.910071115663667e-06
4653	訇	1.909138449714546e-06
4654	箔	1.903201259182505e-06
4655	剜	1.902471506462624e-06
4656	鏖	1.900415887047184e-06
4657	鹄	1.89942730723045e-06
4658	喟	1.897499748608574e-06
4659	嗥	1.896567683883836e-06
4660	颍	1.896403549627295e-06
4661	榈	1.890285691168184e-06
4662	玳	1.884450708781242e-06
4663	锺	1.877391466619457e-06
4664	绺	1.876498481479609e-06
4665	耦	1.866075789938313e-06
4666	铤	1.86334963840471e-06
4667	疱	1.860171967359525e-06
4668	荞	1.85223146393336e-06
4669	锃	1.847419030540787e-06
4670	锲	1.842344463317256e-06
4671	螨	1.841034829680037e-06
4672	刍	1.838227813466929e-06
4673	藜	1.835413582561227e-06
4674	搽	1.834384119486453e-06
4675	淙	1.833528710870539e-06
4676	燧	1.831435214318974e-06
4677	蠡	1.829354042867259e-06
4678	夔	1.828435505691137e-06
4679	崂	1.8252244666927e-06
4680	陲	1.820394597793022e-06
4681	哂	1.813476342749034e-06
4682	膘	1.810379235771162e-06
4683	耆	1.804427615853931e-06
4684	隍	1.798290217602375e-06
4685	涝	1.797230993920646e-06
4686	濂	1.795467569555311e-06
4687	濠	1.793402631161935e-06
4688	秸	1.788282671497493e-06
4689	囵	1.786289579417878e-06
4690	锴	1.784509020157629e-06
4691	赧	1.782454302578763e-06
4692	郦	1.782453100129997e-06
4693	萋	1.779444974360799e-06
4694	邕	1.775431735104337e-06
4695	镭	1.769299146647844e-06
4696	佃	1.764301536145328e-06
4697	蒯	1.763453041609817e-06
4698	诨	1.761239300181666e-06
4699	顼	1.760469566040319e-06
4700	囫	1.757273257039264e-06
4701	噻	1.754421750221819e-06
4702	囿	1.751183355513959e-06
4703	膑	1.747290661746274e-06
4704	鄢	1.740444854240429e-06
4705	睥	1.740346253441629e-06
4706	膻	1.73930747138892e-06
4707	鹞	1.736462878651879e-06
4708	桎	1.732229891883456e-06
4709	邈	1.723386783727315e-06
4710	蛔	1.723230765999944e-06
4711	钺	1.722452314105045e-06
4712	饯	1.72142645837657e-06
4713	汜	1.719419838748339e-06
4714	襁	1.716327842177721e-06
4715	琨	1.711388851052542e-06
4716	鹑	1.71127371658321e-06
4717	伢	1.710405982867446e-06
4718	龛	1.709426722028647e-06
4719	俚	1.708211180007357e-06
4720	砝	1.705279710346983e-06
4721	黜	1.704372596434136e-06
4722	帼	1.703398746614784e-06
4723	褓	1.698338909388635e-06
4724	蚪	1.698205738187816e-06
4725	迤	1.696456141983288e-06
4726	鲛	1.696346418533403e-06
4727	岷	1.694355731351319e-06
4728	罄	1.694289596669197e-06
4729	奂	1.691368047211141e-06
4730	涿	1.689348801870868e-06
4731	酚	1.688057204965137e-06
4732	脍	1.683210501782737e-06
4733	滂	1.682372528673927e-06
4734	赊	1.681338857028474e-06
4735	岫	1.678410994714397e-06
4736	杈	1.676441951610099e-06
4737	秆	1.672279007482287e-06
4738	痂	1.670227596637527e-06
4739	俅	1.664448828730389e-06
4740	仞	1.660401920908482e-06
4741	碜	1.660336688062934e-06
4742	麋	1.659275660708057e-06
4743	轱	1.65925161173274e-06
4744	硌	1.658211026006883e-06
4745	庾	1.655298194302379e-06
4746	僮	1.652452699728764e-06
4747	徜	1.651342672586678e-06
4748	酩	1.650378442357453e-06
4749	祚	1.645318003906921e-06
4750	潍	1.644130418819437e-06
4751	佞	1.643373911614515e-06
4752	瘀	1.640241633010241e-06
4753	骧	1.639409070920878e-06
4754	魈	1.63848512272531e-06
4755	煊	1.637439426592197e-06
4756	狒	1.636322184757516e-06
4757	荏	1.628278270737486e-06
4758	璟	1.625417144329915e-06
4759	厩	1.622444791411502e-06
4760	鹌	1.621187464295597e-06
4761	荨	1.620088559804595e-06
4762	饽	1.618294172383539e-06
4763	牍	1.614302276592671e-06
4764	阗	1.611440248348525e-06
4765	爰	1.610421907924836e-06
4766	徉	1.60937140199666e-06
4767	砧	1.60524573378059e-06
4768	埂	1.600369269991235e-06
4769	刎	1.598376779136003e-06
4770	衢	1.595323260925893e-06
4771	薅	1.594092988907221e-06
4772	啮	1.592291386793569e-06
4773	蓑	1.592248699862381e-06
4774	螭	1.587449192794041e-06
4775	仃	1.585374033586156e-06
4776	卟	1.583361101101904e-06
4777	蜍	1.577242942030601e-06
4778	芃	1.574199644635001e-06
4779	痨	1.573206255023204e-06
4780	讧	1.570339717596186e-06
4781	倨	1.567420873647854e-06
4782	巽	1.56037215291277e-06
4783	撺	1.557267831242303e-06
4784	嘬	1.557230555330561e-06
4785	璜	1.556407612831325e-06
4786	潋	1.556393183446135e-06
4787	鹂	1.554372134432713e-06
4788	鄱	1.554338165255078e-06
4789	霰	1.554240766905043e-06
4790	颢	1.553413315222934e-06
4791	喙	1.553339665236025e-06
4792	蓁	1.552442170913305e-06
4793	戕	1.551369419682961e-06
4794	菅	1.549198365185999e-06
4795	郃	1.548347465752956e-06
4796	殓	1.548310791065597e-06
4797	瑄	1.54637481530236e-06
4798	柩	1.545428922416815e-06
4799	葳	1.544408177095594e-06
4800	骅	1.543403664832713e-06
4801	铆	1.542155356082552e-06
4802	郢	1.540411170897471e-06
4803	珪	1.533407842603298e-06
4804	牦	1.5332809842585e-06
4805	酊	1.528334477828533e-06
4806	犸	1.528263232739156e-06
4807	铢	1.526179055165527e-06
4808	鳍	1.52522264085328e-06
4809	氐	1.524346189383962e-06
4810	帔	1.522443581573978e-06
4811	庖	1.512259576112706e-06
4812	谡	1.510327207695767e-06
4813	羸	1.510218085470265e-06
4814	睢	1.505287210874255e-06
4815	昶	1.498397814600648e-06
4816	稔	1.497344302550557e-06
4817	迳	1.496437489249902e-06
4818	滓	1.496280269073766e-06
4819	藓	1.491258308983742e-06
4820	谶	1.490279048144943e-06
4821	儆	1.490267324269476e-06
4822	禛	1.488403495432191e-06
4823	嘁	1.485432946186926e-06
4824	跎	1.484229428653294e-06
4825	疣	1.483081524375084e-06
4826	辇	1.480407979974987e-06
4827	菀	1.471338210226481e-06
4828	僖	1.466368857269963e-06
4829	郜	1.463066131553129e-06
4830	毂	1.457086254089901e-06
4831	骞	1.455321627275799e-06
4832	魍	1.455229339333019e-06
4833	翕	1.453402185183093e-06
4834	妫	1.451410896776627e-06
4835	汛	1.450320108814794e-06
4836	瓴	1.448335133264349e-06
4837	闩	1.447402166703036e-06
4838	橇	1.445268388117815e-06
4839	鸩	1.440232299254791e-06
4840	僭	1.439237406582037e-06
4841	寮	1.434273164032774e-06
4842	苋	1.432352519491302e-06
4843	镌	1.419331135985585e-06
4844	睚	1.414318494873496e-06
4845	镊	1.407136602937592e-06
4846	蛳	1.401092093853199e-06
4847	舐	1.397278761704061e-06
4848	獐	1.394340377963283e-06
4849	龅	1.393129345124864e-06
4850	遴	1.392152489183598e-06
4851	哙	1.390340966867628e-06
4852	傕	1.388353887031842e-06
4853	俎	1.388258592967147e-06
4854	篑	1.386393561681096e-06
4855	祇	1.380238126698052e-06
4856	觥	1.379257062186105e-06
4857	媾	1.376294629470009e-06
4858	焯	1.370090795924139e-06
4859	忸	1.368376371346012e-06
4860	斛	1.368276568098445e-06
4861	黢	1.366306322545381e-06
4862	湫	1.365153608472108e-06
4863	殄	1.363244687806103e-06
4864	铬	1.360123531852914e-06
4865	癣	1.357144264854096e-06
4866	肽	1.356048065872817e-06
4867	棂	1.353384141062848e-06
4868	驷	1.351312889813451e-06
4869	婺	1.345183608091064e-06
4870	桠	1.344348039879787e-06
4871	蕨	1.344288518665876e-06
4872	怩	1.341379895532054e-06
4873	盥	1.338318862017157e-06
4874	锉	1.338228978971909e-06
4875	滟	1.337275270169386e-06
4876	滦	1.332344395573375e-06
4877	豉	1.3320828629668e-06
4878	唢	1.330167028220391e-06
4879	瘙	1.326118316725336e-06
4880	潞	1.324350082564937e-06
4881	蛎	1.323168209109091e-06
4882	箸	1.322324524368644e-06
4883	肓	1.320284236174968e-06
4884	芑	1.31939936756429e-06
4885	鹗	1.318299861848905e-06
4886	骶	1.313022080783944e-06
4887	阕	1.312348241931675e-06
4888	徇	1.3113082574302e-06
4889	斫	1.310301640881979e-06
4890	唑	1.301028957904234e-06
4891	侩	1.297221637998925e-06
4892	灏	1.294310008743187e-06
4893	偈	1.292227634842707e-06
4894	冼	1.291340661946689e-06
4895	魉	1.284266689787522e-06
4896	髂	1.284021089627094e-06
4897	吖	1.283139227138331e-06
4898	牯	1.282252855466695e-06
4899	乜	1.280310566847438e-06
4900	蜇	1.279244729697497e-06
4901	砣	1.277315367402473e-06
4902	茕	1.272201720594051e-06
4903	铄	1.266296996178689e-06
4904	唳	1.265303606566892e-06
4905	犍	1.263333962238211e-06
4906	焗	1.263045675146595e-06
4907	旻	1.25718964990625e-06
4908	呶	1.25437391593959e-06
4909	弭	1.254268100448194e-06
4910	啖	1.254193548624711e-06
4911	懋	1.25329996226048e-06
4912	锟	1.252274106532005e-06
4913	鹧	1.248237720136799e-06
4914	谯	1.247306857860827e-06
4915	锰	1.245093116432676e-06
4916	豢	1.244251235365378e-06
4917	骈	1.244218468636508e-06
4918	橹	1.243287606360535e-06
4919	诿	1.239228072826587e-06
4920	忾	1.235306820900713e-06
4921	痧	1.23306392008999e-06
4922	薜	1.231347090614332e-06
4923	秣	1.23129959388808e-06
4924	猊	1.228360608922919e-06
4925	妗	1.227356998496612e-06
4926	戗	1.224335044566607e-06
4927	澍	1.222219903937256e-06
4928	擤	1.221157072909231e-06
4929	纾	1.220274308583893e-06
4930	墉	1.220257774913362e-06
4931	魃	1.218353062818038e-06
4932	邙	1.217326305252988e-06
4933	鸪	1.217240029554037e-06
4934	痢	1.21626708157126e-06
4935	谪	1.215217176867467e-06
4936	殚	1.214227394601967e-06
4937	珣	1.211358452277418e-06
4938	窸	1.211203636998813e-06
4939	荥	1.208288701008969e-06
4940	窣	1.208216253470826e-06
4941	髌	1.208020554934182e-06
4942	缢	1.206258333017612e-06
4943	赅	1.205157023629079e-06
4944	栎	1.203317544379302e-06
4945	掴	1.201311525975454e-06
4946	逖	1.199323844915285e-06
4947	孀	1.197301593453098e-06
4948	讴	1.197123029811367e-06
4949	苷	1.197041263295288e-06
4950	狍	1.195186152211556e-06
4951	尕	1.19429136339856e-06
4952	傣	1.191175017240434e-06
4953	愎	1.190223713335442e-06
4954	擢	1.186309375489972e-06
4955	诳	1.186272700802613e-06
4956	瓯	1.186227608973893e-06
4957	哞	1.184254357298914e-06
4958	缯	1.178337909008085e-06
4959	缙	1.178270872489388e-06
4960	炷	1.174271160781542e-06
4961	荪	1.173307832388891e-06
4962	祉	1.172228768302526e-06
4963	跶	1.172090787306643e-06
4964	梏	1.170232068876613e-06
4965	觞	1.16620229594962e-06
4966	怄	1.163252789557758e-06
4967	槊	1.162282847696895e-06
4968	茯	1.161169814432894e-06
4969	韫	1.16030628928781e-06
4970	邝	1.160276528680855e-06
4971	诰	1.155286433483126e-06
4972	踽	1.155221801861961e-06
4973	羟	1.155020391693679e-06
4974	浔	1.153241636106579e-06
4975	郅	1.153170391017201e-06
4976	钨	1.153152354285714e-06
4977	蹇	1.150286117470887e-06
4978	绶	1.148282804576762e-06
4979	煨	1.14822899499449e-06
4980	闱	1.145289408804946e-06
4981	赝	1.13622354701493e-06
4982	伉	1.135253605154067e-06
4983	嫫	1.133334163061361e-06
4984	槁	1.128281841139998e-06
4985	昴	1.124118295787803e-06
4986	煸	1.113105034971274e-06
4987	逡	1.111289003472432e-06
4988	湎	1.104233669269136e-06
4989	鼹	1.103214126396681e-06
4990	臌	1.101333162664482e-06
4991	莅	1.101213519012279e-06
4992	矍	1.098262208947268e-06
4993	萼	1.094242957446976e-06
4994	郓	1.090287736343467e-06
4995	栉	1.086233613828965e-06
4996	捯	1.086014467541387e-06
4997	岿	1.085223389934446e-06
4998	誊	1.084211963591161e-06
4999	殛	1.083308457024612e-06
5000	钜	1.083240218057149e-06
5001	衾	1.083218573979363e-06
5002	佥	1.081291616581871e-06
5003	鲈	1.080118460879577e-06
5004	猷	1.078253128981334e-06
5005	铰	1.073116936258553e-06
5006	濯	1.072213429692004e-06
5007	啫	1.072026148296721e-06
5008	氦	1.070054700294891e-06
5009	翳	1.069246487793037e-06
5010	绻	1.067248285306167e-06
5011	俳	1.067084752274009e-06
5012	笞	1.065185751810323e-06
5013	恫	1.062274122554585e-06
5014	聩	1.062206484811505e-06
5015	鞣	1.061073611142868e-06
5016	蘩	1.058310784921906e-06
5017	驽	1.053271389324777e-06
5018	镕	1.053088015887983e-06
5019	弁	1.050234705397389e-06
5020	鬣	1.049158647432939e-06
5021	镍	1.045079874718737e-06
5022	绦	1.042206122599124e-06
5023	篙	1.041288787871768e-06
5024	堇	1.041188383399818e-06
5025	瑗	1.040281870711355e-06
5026	浜	1.040173950934618e-06
5027	镫	1.038214226808256e-06
5028	湉	1.037099991095489e-06
5029	汨	1.034233453668472e-06
5030	荠	1.034150484703627e-06
5031	纥	1.031246671364868e-06
5032	趸	1.031101776288581e-06
5033	稹	1.0291321319599e-06
5034	蜞	1.024310379589392e-06
5035	赟	1.024237330826866e-06
5036	肄	1.022087319183306e-06
5037	矬	1.021106855895741e-06
5038	珐	1.020142325054325e-06
5039	柒	1.014170263508074e-06
5040	遒	1.010204520977863e-06
5041	猢	1.008214435020163e-06
5042	殁	1.007246296832449e-06
5043	腭	1.006095987656706e-06
5044	缱	1.004174140666468e-06
5045	悱	1.00220088899149e-06
5046	圜	9.992661125970096e-07
5047	铣	9.981798338180492e-07
5048	竽	9.981554842305407e-07
5049	喑	9.972059839986973e-07
5050	裾	9.912197936794479e-07
5051	阡	9.891455363081368e-07
5052	淖	9.862077537917419e-07
5053	祜	9.852314990748582e-07
5054	厝	9.851286897053767e-07
5055	荑	9.812792840932633e-07
5056	狲	9.812155543086725e-07
5057	鲠	9.790953032720671e-07
5058	蓼	9.772317750469738e-07
5059	铡	9.762059193184982e-07
5060	嫒	9.752924925496309e-07
5061	狻	9.732744496581239e-07
5062	獭	9.721575084356343e-07
5063	捭	9.721006927314472e-07
5064	笳	9.702221338967804e-07
5065	蛭	9.702146185919938e-07
5066	藿	9.67071818561019e-07
5067	桉	9.661719193407678e-07
5068	氅	9.642717164283153e-07
5069	廪	9.631177999062753e-07
5070	瘢	9.53064560748291e-07
5071	珲	9.512145600718134e-07
5072	麸	9.490669533257848e-07
5073	狎	9.482214649121888e-07
5074	旃	9.462533236444652e-07
5075	鳕	9.460660422491819e-07
5076	砭	9.441249560786903e-07
5077	婳	9.382626179823247e-07
5078	韪	9.382112132975842e-07
5079	窠	9.371643147157058e-07
5080	仟	9.362172193813944e-07
5081	痍	9.362142132594797e-07
5082	馕	9.361114038899985e-07
5083	莴	9.350981738735646e-07
5084	跖	9.340729193694719e-07
5085	榫	9.340654040646852e-07
5086	哓	9.312598909125351e-07
5087	掼	9.272364308415628e-07
5088	揆	9.272207990076066e-07
5089	烜	9.232511485189067e-07
5090	趿	9.202397160156026e-07
5091	铩	9.192102529408295e-07
5092	绌	9.182472251603702e-07
5093	勖	9.162168571690132e-07
5094	缦	9.141795750972525e-07
5095	缛	9.131837805879235e-07
5096	戡	9.092135288748407e-07
5097	涪	9.09175651738716e-07
5098	讫	9.072444857705427e-07
5099	忝	9.071984921052484e-07
5100	徭	9.041858571531785e-07
5101	锨	9.032507863065255e-07
5102	邳	8.98225519482395e-07
5103	唁	8.982219121360973e-07
5104	嫪	8.982101882606303e-07
5105	飨	8.961127837505763e-07
5106	悌	8.912134734346699e-07
5107	苜	8.91164473647461e-07
5108	陂	8.891527436119748e-07
5109	呔	8.882474333722771e-07
5110	辔	8.862417155806202e-07
5111	滁	8.831530257441094e-07
5112	姘	8.822071328585637e-07
5113	崧	8.79218546881811e-07
5114	娈	8.790859769053746e-07
5115	鲱	8.790363758937827e-07
5116	磬	8.782320713504174e-07
5117	椁	8.692194179182905e-07
5118	靛	8.681986725970699e-07
5119	黩	8.661274213476735e-07
5120	湟	8.621875314659287e-07
5121	颛	8.611703934910057e-07
5122	蜉	8.57072982820933e-07
5123	囹	8.56163764622746e-07
5124	蜢	8.531908104799496e-07
5125	铨	8.531890068068007e-07
5126	砷	8.520666545648646e-07
5127	撷	8.501634455304977e-07
5128	舂	8.491784730600614e-07
5129	獾	8.47156822822257e-07
5130	虺	8.452304666491472e-07
5131	垩	8.451096205481778e-07
5132	诓	8.431982949846413e-07
5133	臬	8.411940802539418e-07
5134	舛	8.401504884061696e-07
5135	茀	8.392511904103013e-07
5136	煅	8.392003869499436e-07
5137	睇	8.351432583135272e-07
5138	洇	8.351432583135272e-07
5139	诮	8.34240954195744e-07
5140	芫	8.341775250233447e-07
5141	昇	8.340939548341173e-07
5142	稗	8.321552735611573e-07
5143	齑	8.312214051632703e-07
5144	颏	8.261738930369713e-07
5145	芪	8.241257889263178e-07
5146	吡	8.241125619898933e-07
5147	杲	8.232282946035981e-07
5148	苕	8.231823009383039e-07
5149	屙	8.222030400995055e-07
5150	瘌	8.212394110946634e-07
5151	欸	8.190869945535714e-07
5152	泅	8.182057332891908e-07
5153	摈	8.131470985118075e-07
5154	阆	8.131323685144257e-07
5155	瑭	8.10187070693244e-07
5156	珥	8.081963835111605e-07
5157	钴	8.060872551256394e-07
5158	旸	8.031645032188177e-07
5159	芡	8.010884421743578e-07
5160	蒺	7.972017606505025e-07
5161	埙	7.971837239190145e-07
5162	饴	7.971689939216327e-07
5163	挈	7.971242027051044e-07
5164	恽	7.942050581445801e-07
5165	嶷	7.931957360866352e-07
5166	卅	7.931638711943399e-07
5167	葺	7.922008434138807e-07
5168	瓤	7.90136506244888e-07
5169	沆	7.901202731865489e-07
5170	钹	7.872203678062785e-07
5171	姮	7.872191653575126e-07
5172	苣	7.871007241540751e-07
5173	颞	7.850288716802958e-07
5174	貅	7.841674508205521e-07
5175	珺	7.841388926623628e-07
5176	硼	7.830363808250636e-07
5177	貔	7.771232392683402e-07
5178	椽	7.751827543222315e-07
5179	耄	7.721154079513146e-07
5180	亓	7.68209787859397e-07
5181	鎏	7.681478617479551e-07
5182	岬	7.651938461732208e-07
5183	玠	7.651815210733707e-07
5184	钿	7.641676898325538e-07
5185	唿	7.592187785050555e-07
5186	赭	7.561757817216475e-07
5187	硒	7.540432055851922e-07
5188	毽	7.511252634734338e-07
5189	舢	7.501937999730785e-07
5190	疽	7.501595301832514e-07
5191	轸	7.491784656713043e-07
5192	蠹	7.481372787210639e-07
5193	鲑	7.480951930142588e-07
5194	淝	7.471357725800973e-07
5195	锆	7.471090180950567e-07
5196	嘌	7.460239417648623e-07
5197	俦	7.442136218976583e-07
5198	柁	7.422154194107882e-07
5199	灞	7.411396620585293e-07
5200	侑	7.400741255207802e-07
5201	屐	7.36160990124076e-07
5202	碣	7.361540760436723e-07
5203	蒹	7.360978615638681e-07
5204	鸷	7.351904470388301e-07
5205	貉	7.271817046452017e-07
5206	逶	7.261865113602557e-07
5207	稞	7.261492354485139e-07
5208	柘	7.231717721228454e-07
5209	邶	7.211705635140606e-07
5210	懔	7.202123455286648e-07
5211	馔	7.171768640500434e-07
5212	佤	7.151098213713275e-07
5213	儋	7.131464898986674e-07
5214	醴	7.131230421477331e-07
5215	锒	7.121404745748286e-07
5216	掮	7.101010882177276e-07
5217	炘	7.082068975491045e-07
5218	疝	7.070361467443425e-07
5219	仵	7.061834436381512e-07
5220	糍	7.060656036590967e-07
5221	糨	7.051801338240358e-07
5222	笏	7.051476677073574e-07
5223	倬	7.041741185001969e-07
5224	篾	7.041723148270481e-07
5225	踟	7.041133948375208e-07
5226	疸	7.030535699314096e-07
5227	铱	7.020836280705468e-07
5228	帏	7.011801215039978e-07
5229	媞	7.01173207423594e-07
5230	毐	7.011626859968928e-07
5231	菏	7.000571680376787e-07
5232	椤	6.992074710534022e-07
5233	燏	6.972092685665319e-07
5234	圄	6.971677840841096e-07
5235	骢	6.961692840650575e-07
5236	箓	6.951545509876662e-07
5237	癜	6.940267877262838e-07
5238	鲇	6.931100542233103e-07
5239	鹈	6.930938211649712e-07
5240	逦	6.9119181457937e-07
5241	圩	6.891683606684167e-07
5242	苡	6.891632502611619e-07
5243	茔	6.881890998296184e-07
5244	镝	6.881797808516829e-07
5245	碇	6.880634439335856e-07
5246	齁	6.880174502682914e-07
5247	猗	6.871443055330804e-07
5248	桫	6.862047255035557e-07
5249	璠	6.86197210198769e-07
5250	笤	6.861650446942821e-07
5251	醚	6.860478059396104e-07
5252	嶂	6.851863850798667e-07
5253	傩	6.831596244348073e-07
5254	桁	6.821382778892038e-07
5255	蜊	6.820682352485922e-07
5256	菖	6.811397778701516e-07
5257	蓿	6.811298576678332e-07
5258	溏	6.810357660519044e-07
5259	骓	6.791623176244926e-07
5260	跹	6.78185461683226e-07
5261	衽	6.781172227157632e-07
5262	暝	6.761818481769094e-07
5263	痱	6.760709222782585e-07
5264	狷	6.760610020759401e-07
5265	楹	6.751400600022861e-07
5266	钯	6.731400538422672e-07
5267	瘆	6.730778271186337e-07
5268	綦	6.701649954141303e-07
5269	芨	6.65186323479677e-07
5270	衿	6.631697836491273e-07
5271	勐	6.631541518151711e-07
5272	诂	6.620753883409977e-07
5273	钎	6.591388082733685e-07
5274	伥	6.581625535564848e-07
5275	亳	6.581354984592529e-07
5276	沨	6.571989245516426e-07
5277	牝	6.571388021133495e-07
5278	尻	6.570651521264405e-07
5279	畹	6.561799829035709e-07
5280	虢	6.561421057674461e-07
5281	麂	6.561018237337897e-07
5282	踅	6.551865932917736e-07
5283	阄	6.5314870999563e-07
5284	棫	6.521980073150208e-07
5285	鹳	6.511066181288058e-07
5286	酃	6.501949950330872e-07
5287	诒	6.491411823708053e-07
5288	艽	6.481868723438987e-07
5289	塬	6.481745472440485e-07
5290	郗	6.481471915346251e-07
5291	泔	6.470912745870031e-07
5292	垭	6.461069033409498e-07
5293	豸	6.451468816824053e-07
5294	矾	6.441156149344834e-07
5295	钣	6.420221183829184e-07
5296	铖	6.411799367034286e-07
5297	鳃	6.390732132154392e-07
5298	癔	6.390596856668232e-07
5299	郫	6.39031728733017e-07
5300	冁	6.361913445666569e-07
5301	橐	6.351672925113301e-07
5302	醪	6.35080716200188e-07
5303	艄	6.331630777806306e-07
5304	嗞	6.321564612324089e-07
5305	杼	6.310770965338524e-07
5306	莒	6.281311974882878e-07
5307	襦	6.280551426038469e-07
5308	猁	6.27160053178659e-07
5309	螯	6.270864031917499e-07
5310	趵	6.270560413604119e-07
5311	爿	6.251657586502779e-07
5312	骐	6.240927068077422e-07
5313	洌	6.231699610609394e-07
5314	豕	6.221305777838479e-07
5315	槚	6.211879916324084e-07
5316	邛	6.211558261279216e-07
5317	晷	6.21147108374369e-07
5318	炆	6.191005073246728e-07
5319	诤	6.181263568931295e-07
5320	鋆	6.171717462540313e-07
5321	酡	6.161735468471706e-07
5322	虻	6.161392770573435e-07
5323	炝	6.160427805438829e-07
5324	畲	6.131428751636127e-07
5325	擘	6.131290470028052e-07
5326	枞	6.120983814792663e-07
5327	鼐	6.081572891487555e-07
5328	叻	6.070851391427943e-07
5329	讦	6.061157985063143e-07
5330	讣	6.061109887112509e-07
5331	贽	6.051398444016221e-07
5332	歙	6.05109482570284e-07
5333	凫	6.041449517288676e-07
5334	莳	6.041251113242308e-07
5335	辂	5.991650773456483e-07
5336	鳏	5.991118689877589e-07
5337	锱	5.980655716302636e-07
5338	珙	5.96158755249599e-07
5339	蜮	5.941692705162814e-07
5340	洮	5.931560404998475e-07
5341	樯	5.901016204531637e-07
5342	蕲	5.891503165481715e-07
5343	猞	5.891244638997055e-07
5344	妁	5.861091234379124e-07
5345	枳	5.860523077337253e-07
5346	郴	5.850736481193099e-07
5347	烃	5.850222434345692e-07
5348	呖	5.841686384918035e-07
5349	貊	5.841587182894852e-07
5350	蚺	5.841506017603157e-07
5351	澧	5.841235466630838e-07
5352	楫	5.821346631541489e-07
5353	馐	5.811274453815444e-07
5354	媪	5.80147583318363e-07
5355	茏	5.791629114601183e-07
5356	琚	5.771671138707798e-07
5357	辚	5.771629053000993e-07
5358	铧	5.77152383873398e-07
5359	怛	5.760856448868831e-07
5360	逑	5.75152377713379e-07
5361	陟	5.741340372896902e-07
5362	髡	5.730525683057935e-07
5363	褡	5.721520678611591e-07
5364	侪	5.721042705227161e-07
5365	岘	5.720763135889098e-07
5366	嫱	5.711658929419571e-07
5367	苌	5.711388378447251e-07
5368	薹	5.71122003562003e-07
5369	镛	5.711126845840676e-07
5370	筌	5.701619819034586e-07
5371	醮	5.701421414988218e-07
5372	镗	5.701334237452693e-07
5373	抟	5.671261998126456e-07
5374	苎	5.661292028545508e-07
5375	郾	5.651523469132842e-07
5376	枰	5.611102488864411e-07
5377	鄞	5.591084390532733e-07
5378	嗄	5.581631473921106e-07
5379	纛	5.581433069874738e-07
5380	菟	5.561129389961169e-07
5381	龃	5.561006138962667e-07
5382	孳	5.551027151015975e-07
5383	垓	5.54116239570204e-07
5384	溴	5.530266540571376e-07
5385	髭	5.521402823855023e-07
5386	侉	5.521285585100351e-07
5387	嬗	5.521225462662057e-07
5388	痼	5.491108131507101e-07
5389	瀣	5.460927671791937e-07
5390	箜	5.451189173598417e-07
5391	耋	5.440846444900052e-07
5392	罅	5.421306319952805e-07
5393	疥	5.410978621864012e-07
5394	喁	5.391513649964631e-07
5395	仝	5.391276166333374e-07
5396	缟	5.391164939822531e-07
5397	晞	5.331191810119194e-07
5398	榉	5.330936289756448e-07
5399	鲧	5.321125644636977e-07
5400	蹰	5.321002393638475e-07
5401	酆	5.311408189296859e-07
5402	踯	5.311408189296859e-07
5403	妯	5.311146656690284e-07
5404	悒	5.291471256256878e-07
5405	蚨	5.291438188915817e-07
5406	鲅	5.290632548242688e-07
5407	畦	5.281381041799343e-07
5408	玕	5.271489231388176e-07
5409	邰	5.26126975368831e-07
5410	蝮	5.261194600640444e-07
5411	胪	5.231260642922283e-07
5412	祆	5.230806718513168e-07
5413	轭	5.230367824713629e-07
5414	鬻	5.22092693258966e-07
5415	棹	5.210932914033395e-07
5416	薨	5.201344721935608e-07
5417	螟	5.201299630106889e-07
5418	綮	5.191501009475076e-07
5419	萸	5.180995950193318e-07
5420	樗	5.161320549759912e-07
5421	咴	5.141542941181407e-07
5422	兕	5.141269384087172e-07
5423	躅	5.121386561241655e-07
5424	圻	5.121164108219969e-07
5425	荇	5.110938618276276e-07
5426	鼋	5.091055795430757e-07
5427	钲	5.051503584395662e-07
5428	歃	5.041202941404102e-07
5429	盱	5.041058647552198e-07
5430	泮	5.030493465832147e-07
5431	崮	5.000760918282268e-07
5432	鲵	4.97077886261347e-07
5433	瘘	4.960186625796189e-07
5434	苫	4.941313859913995e-07
5435	粳	4.940559323313416e-07
5436	葶	4.93145511684389e-07
5437	龢	4.921103369779779e-07
5438	燊	4.911175485905636e-07
5439	芾	4.901004106156407e-07
5440	聃	4.900904904133222e-07
5441	寤	4.900652389892391e-07
5442	赍	4.881265577162791e-07
5443	颎	4.871403827970771e-07
5444	鸶	4.871349717776307e-07
5445	楸	4.870934872952084e-07
5446	莜	4.820943737317354e-07
5447	薮	4.820820486318853e-07
5448	骝	4.801295391981179e-07
5449	妣	4.80097974918014e-07
5450	洄	4.800739259426968e-07
5451	縻	4.790946651038984e-07
5452	绀	4.790450640923066e-07
5453	欤	4.781376495672686e-07
5454	乩	4.761078828002944e-07
5455	筮	4.750793215620957e-07
5456	拊	4.74120502352317e-07
5457	闼	4.74120502352317e-07
5458	犰	4.730886343800122e-07
5459	鲷	4.710270027207427e-07
5460	甑	4.701006496276423e-07
5461	祧	4.691289040936306e-07
5462	雠	4.681180789747284e-07
5463	簋	4.670444259078097e-07
5464	蘼	4.650549411744921e-07
5465	眬	4.641361033861783e-07
5466	笫	4.640982262500537e-07
5467	莛	4.63140008264658e-07
5468	椟	4.610531251813054e-07
5469	桡	4.610377939595406e-07
5470	钡	4.590624379992218e-07
5471	娌	4.581030175650602e-07
5472	骺	4.570116283788451e-07
5473	沭	4.551066156713294e-07
5474	闿	4.541168334058297e-07
5475	恚	4.541057107547455e-07
5476	砀	4.521026984728119e-07
5477	窨	4.520642201123042e-07
5478	篦	4.510885666198035e-07
5479	箪	4.510711311126984e-07
5480	鳜	4.500467784451802e-07
5481	彀	4.491183210667396e-07
5482	黟	4.481156124770069e-07
5483	氖	4.48115011252624e-07
5484	茼	4.460629991834814e-07
5485	犴	4.4512822894902e-07
5486	搠	4.451216154808078e-07
5487	陉	4.441143977082031e-07
5488	恂	4.431177013622997e-07
5489	镞	4.421225080773537e-07
5490	檫	4.421095817531207e-07
5491	鄯	4.421095817531207e-07
5492	猡	4.411110817340685e-07
5493	烺	4.381249006548475e-07
5494	飏	4.381188884110182e-07
5495	玎	4.361282012289346e-07
5496	啉	4.350422230621659e-07
5497	鬈	4.341254895591925e-07
5498	奁	4.341155693568741e-07
5499	沤	4.330849038333351e-07
5500	愍	4.330665664896557e-07
5501	筇	4.321242809504076e-07
5502	萘	4.320623548389657e-07
5503	竦	4.301119496905385e-07
5504	柞	4.30090906837136e-07
5505	瓠	4.300656554130528e-07
5506	埼	4.290088366288563e-07
5507	彘	4.280890970039682e-07
5508	涫	4.271296765698066e-07
5509	葚	4.270695541315134e-07
5510	嵊	4.260394898323574e-07
5511	曷	4.250683455227286e-07
5512	殍	4.250626338910908e-07
5513	杌	4.231209464962161e-07
5514	禳	4.230962962965159e-07
5515	迨	4.230887809917293e-07
5516	穰	4.230857748698147e-07
5517	诹	4.230560142628595e-07
5518	搦	4.221113238260797e-07
5519	帑	4.221047103578675e-07
5520	笄	4.220815632191247e-07
5521	淦	4.210938852389652e-07
5522	貘	4.210818607513066e-07
5523	荩	4.191179280542635e-07
5524	扦	4.190707319402034e-07
5525	峄	4.181122133426162e-07
5526	腘	4.180091033609434e-07
5527	沔	4.170998851627566e-07
5528	骘	4.161089004484911e-07
5529	揿	4.151179157342256e-07
5530	癯	4.151173145098427e-07
5531	鹬	4.150956704320571e-07
5532	鲟	4.130442595872975e-07
5533	謇	4.120983667017519e-07
5534	螈	4.120364405903099e-07
5535	氙	4.120060787589719e-07
5536	郧	4.110992654583168e-07
5537	倥	4.110875415828496e-07
5538	漯	4.110670999538299e-07
5539	忺	4.101239125780075e-07
5540	苁	4.091055721543186e-07
5541	洹	4.090938482788514e-07
5542	艏	4.090827256277672e-07
5543	莼	4.080794158136516e-07
5544	箬	4.071013574236191e-07
5545	熘	4.070388300877942e-07
5546	芩	4.060872255706107e-07
5547	樾	4.060860231218449e-07
5548	鲮	4.060742992463777e-07
5549	缁	4.05101952487983e-07
5550	鳟	4.050703882078791e-07
5551	眙	4.04085415737443e-07
5552	萁	4.021058512064436e-07
5553	钤	4.021052499820607e-07
5554	趺	4.010878113949462e-07
5555	磡	4.010057442666761e-07
5556	鸮	4.000842009686391e-07
5557	纮	4.000754832150866e-07
5558	椴	3.990667623815246e-07
5559	酽	3.961091394604928e-07
5560	龉	3.960923051777708e-07
5561	崤	3.960817837510695e-07
5562	澶	3.96073065997517e-07
5563	哚	3.960676549780706e-07
5564	钚	3.960607408976669e-07
5565	黼	3.951094369926748e-07
5566	蠃	3.95108234543909e-07
5567	脔	3.951019216878882e-07
5568	炔	3.950622408786147e-07
5569	嵯	3.930889892036362e-07
5570	珰	3.930847806329556e-07
5571	蟊	3.901067160829042e-07
5572	鲢	3.900372746666756e-07
5573	蟥	3.890895781079811e-07
5574	蹚	3.890667315814298e-07
5575	鹕	3.880384709554225e-07
5576	猱	3.871006945990464e-07
5577	刈	3.870661241970278e-07
5578	焐	3.860943786630161e-07
5579	阇	3.860664217292099e-07
5580	筚	3.860471825489561e-07
5581	膂	3.850907682367091e-07
5582	蕤	3.850808480343907e-07
5583	裢	3.840991822980606e-07
5584	甾	3.820186120707288e-07
5585	罴	3.810853448972248e-07
5586	挹	3.81079032041204e-07
5587	悭	3.8006580202477e-07
5588	蚍	3.800378450909637e-07
5589	耒	3.790853387372058e-07
5590	蝣	3.790357377256139e-07
5591	颙	3.78101268103344e-07
5592	镉	3.760212991003951e-07
5593	镱	3.751120809022083e-07
5594	篁	3.75066087236914e-07
5595	酢	3.740597713008838e-07
5596	羧	3.740068635551857e-07
5597	阋	3.73066682301278e-07
5598	徂	3.710898232800018e-07
5599	溧	3.710501424707284e-07
5600	荭	3.691102587490026e-07
5601	伧	3.691057495661306e-07
5602	穑	3.681030409763979e-07
5603	楝	3.680931207740795e-07
5604	鲔	3.680783907766977e-07
5605	跸	3.671003323866652e-07
5606	粿	3.670074432195023e-07
5607	啁	3.610973077846936e-07
5608	庑	3.610798722775886e-07
5609	舸	3.610552220778884e-07
5610	侘	3.600059185984786e-07
5611	柝	3.590909887686539e-07
5612	獬	3.590729520371659e-07
5613	蓖	3.590513079593804e-07
5614	怿	3.580888814033042e-07
5615	荜	3.580882801789212e-07
5616	垆	3.580621269182637e-07
5617	疖	3.58042286513627e-07
5618	鸱	3.570570134309993e-07
5619	褙	3.570395779238943e-07
5620	蚋	3.561018015675182e-07
5621	靺	3.56090678916434e-07
5622	屃	3.550942831827221e-07
5623	痈	3.55060013392895e-07
5624	磔	3.54090672756415e-07
5625	樘	3.530711298839602e-07
5626	涘	3.510996818821305e-07
5627	夤	3.5109547331145e-07
5628	橛	3.500882555388453e-07
5629	撄	3.500654090122939e-07
5630	镏	3.490948659270481e-07
5631	耨	3.490371483862867e-07
5632	玹	3.490206147157561e-07
5633	峤	3.480816359106141e-07
5634	樨	3.480623967303603e-07
5635	蕖	3.480611942815945e-07
5636	隈	3.480251208186185e-07
5637	庥	3.470918536451144e-07
5638	馑	3.460771205677232e-07
5639	莪	3.460584826118523e-07
5640	渑	3.450801236096283e-07
5641	箧	3.450726083048417e-07
5642	旒	3.440870346100225e-07
5643	溦	3.431035652005437e-07
5644	缃	3.430849272446728e-07
5645	汆	3.430299152136346e-07
5646	菽	3.420572678430485e-07
5647	茭	3.420566666186656e-07
5648	庠	3.410861235334197e-07
5649	呋	3.410205900756802e-07
5650	狯	3.400945375947712e-07
5651	魆	3.400939363703883e-07
5652	啶	3.390160747327892e-07
5653	脶	3.381026479639219e-07
5654	墀	3.380891204153059e-07
5655	蹼	3.380641696034142e-07
5656	孓	3.380611634814996e-07
5657	玢	3.370948289669342e-07
5658	殳	3.370695775428511e-07
5659	狳	3.360680714018843e-07
5660	岈	3.350999332141702e-07
5661	秫	3.350800928095334e-07
5662	掾	3.350800928095334e-07
5663	凇	3.350410132246429e-07
5664	狺	3.350374058783453e-07
5665	鞨	3.340903105440338e-07
5666	铵	3.340214703521881e-07
5667	蝰	3.330292831891568e-07
5668	椋	3.320872982621002e-07
5669	媸	3.320785805085477e-07
5670	镲	3.320307831701046e-07
5671	嗪	3.320139488873825e-07
5672	涞	3.30076169450997e-07
5673	蛄	3.300412984367869e-07
5674	刿	3.290614363736057e-07
5675	坩	3.270485038893537e-07
5676	枋	3.26071647948087e-07
5677	坻	3.260674393774065e-07
5678	骟	3.260668381530236e-07
5679	荸	3.250361726294846e-07
5680	豇	3.250205407955283e-07
5681	杓	3.240650283198558e-07
5682	瞽	3.240644270954729e-07
5683	瑷	3.240376726104325e-07
5684	眇	3.22076746035304e-07
5685	讵	3.220716356280491e-07
5686	黻	3.210713319358481e-07
5687	涠	3.210100070487891e-07
5688	艨	3.200929729336242e-07
5689	圉	3.200842551800717e-07
5690	茛	3.200791447728167e-07
5691	逋	3.200704270192643e-07
5692	纡	3.200692245704984e-07
5693	檑	3.190962765877208e-07
5694	崃	3.190869576097854e-07
5695	缌	3.180953716711369e-07
5696	槲	3.180605006569269e-07
5697	褫	3.170776324718309e-07
5698	秭	3.170629024744491e-07
5699	镠	3.160580895993762e-07
5700	詈	3.150728165167485e-07
5701	渌	3.150589883559411e-07
5702	醅	3.15016301424753e-07
5703	槎	3.140674024172927e-07
5704	廋	3.140475620126559e-07
5705	钼	3.14029525281168e-07
5706	乂	3.130670987250917e-07
5707	枥	3.130547736252416e-07
5708	跬	3.130466570960721e-07
5709	逄	3.120848317643787e-07
5710	睃	3.110926446013474e-07
5711	狴	3.090857243609247e-07
5712	羕	3.080893286272128e-07
5713	窳	3.080887274028299e-07
5714	璁	3.080800096492773e-07
5715	壅	3.080589667958747e-07
5716	髀	3.080409300643868e-07
5717	鸹	3.060872181818535e-07
5718	邴	3.060836108355559e-07
5719	缗	3.060806047136413e-07
5720	椹	3.060736906332376e-07
5721	酐	3.060105620730298e-07
5722	堞	3.050896199993757e-07
5723	鬲	3.05065270411867e-07
5724	艟	3.040887150827919e-07
5725	筢	3.030908162881226e-07
5726	喈	3.030820985345701e-07
5727	疴	3.030646630274651e-07
5728	蹁	3.020805923936033e-07
5729	蛉	3.02070672191285e-07
5730	镬	3.020496293378824e-07
5731	隰	3.020478256647335e-07
5732	捩	3.010640556430632e-07
5733	镚	3.010183625899604e-07
5734	郏	3.000730709287977e-07
5735	栊	3.000730709287977e-07
5736	霈	3.000607458289476e-07
5737	怙	3.000589421557988e-07
5738	岙	2.990844911120639e-07
5739	俣	2.990616445855125e-07
5740	欹	2.980595372201628e-07
5741	螅	2.980454084471639e-07
5742	耧	2.960862855451843e-07
5743	诔	2.960682488136963e-07
5744	洺	2.950649389995807e-07
5745	傈	2.950592273679429e-07
5746	簟	2.950487059412415e-07
5747	侂	2.940856781607824e-07
5748	愆	2.940700463268261e-07
5749	郿	2.930796628369435e-07
5750	怫	2.930784603881777e-07
5751	蛞	2.930195403986504e-07
5752	郯	2.920477948646387e-07
5753	艋	2.920327642550654e-07
5754	阒	2.910784542281587e-07
5755	锛	2.910772517793928e-07
5756	埚	2.910598162722878e-07
5757	垚	2.910120189338448e-07
5758	啭	2.900712364555541e-07
5759	轳	2.890772456193738e-07
5760	矸	2.89071533987736e-07
5761	蚜	2.890363623613345e-07
5762	蓠	2.880817517222364e-07
5763	毖	2.870679204814195e-07
5764	碓	2.860613039331978e-07
5765	瞋	2.850426628973174e-07
5766	叕	2.840014759470771e-07
5767	璈	2.830703130589132e-07
5768	蓍	2.830618959175522e-07
5769	蜱	2.820174022332058e-07
5770	膦	2.820038746845898e-07
5771	唵	2.810606873087674e-07
5772	嫚	2.800603836165664e-07
5773	皴	2.800495615776737e-07
5774	聱	2.800167948488039e-07
5775	捌	2.790666933925777e-07
5776	芎	2.79064288495046e-07
5777	皲	2.790357303368568e-07
5778	嫘	2.780669909247597e-07
5779	溘	2.780663897003768e-07
5780	阊	2.780534633761437e-07
5781	篌	2.78051659702995e-07
5782	瘊	2.780318192983582e-07
5783	氚	2.780212978716569e-07
5784	铊	2.770315156061572e-07
5785	菰	2.760522547673589e-07
5786	訾	2.750507486263921e-07
5787	峁	2.740633712584241e-07
5788	牖	2.720663712203198e-07
5789	逯	2.720579540789588e-07
5790	谝	2.71065466303736e-07
5791	潾	2.700771870991936e-07
5792	餍	2.700645613871521e-07
5793	铙	2.690669632046743e-07
5794	澌	2.670711656153359e-07
5795	鲽	2.670681594934212e-07
5796	棰	2.670648527593151e-07
5797	荽	2.670426074571466e-07
5798	砟	2.670128468501915e-07
5799	玦	2.660738680450496e-07
5800	楦	2.650167486486616e-07
5801	雱	2.640777698435197e-07
5802	吲	2.640095308760569e-07
5803	碛	2.630501104418953e-07
5804	氘	2.630155400398767e-07
5805	蠲	2.620654385836506e-07
5806	圪	2.620648373592677e-07
5807	蓊	2.620633342983103e-07
5808	髁	2.620374816498443e-07
5809	抔	2.620356779766955e-07
5810	轺	2.610762575425338e-07
5811	旄	2.610624293817265e-07
5812	黥	2.610564171378971e-07
5813	涑	2.600621256895255e-07
5814	铍	2.590353681244756e-07
5815	黧	2.580684323855273e-07
5816	喾	2.580380705541892e-07
5817	蛩	2.570546011447104e-07
5818	蕈	2.560542974525094e-07
5819	脘	2.560326533747239e-07
5820	蚬	2.560305490893837e-07
5821	塄	2.550762390624769e-07
5822	翮	2.550687237576903e-07
5823	茑	2.550633127382439e-07
5824	戆	2.550458772311389e-07
5825	镢	2.540741316971272e-07
5826	浠	2.540696225142552e-07
5827	鏊	2.54063009046043e-07
5828	铗	2.540603035363198e-07
5829	糌	2.530551900490554e-07
5830	璘	2.530527851515237e-07
5831	檎	2.510112945090824e-07
5832	帙	2.500491685651976e-07
5833	猹	2.500052791852436e-07
5834	釐	2.490359385487636e-07
5835	潴	2.490179018172757e-07
5836	凼	2.480617881172202e-07
5837	翀	2.480407452638176e-07
5838	俶	2.480263158786272e-07
5839	螫	2.47059380139679e-07
5840	糁	2.470494599373606e-07
5841	粝	2.470323250424471e-07
5842	錾	2.460647880791159e-07
5843	檩	2.460578739987122e-07
5844	砼	2.460233035966936e-07
5845	揠	2.460227023723107e-07
5846	泚	2.450695947941699e-07
5847	盍	2.450563678577454e-07
5848	昉	2.450563678577454e-07
5849	憷	2.440692911019689e-07
5850	瓘	2.440665855922457e-07
5851	裰	2.440635794703311e-07
5852	芰	2.440623770215652e-07
5853	畈	2.440536592680127e-07
5854	嗐	2.430719935316826e-07
5855	柰	2.430458402710251e-07
5856	蔌	2.420734935126304e-07
5857	汊	2.420623708615462e-07
5858	臜	2.420302053570594e-07
5859	焓	2.420274998473362e-07
5860	墒	2.410662757400258e-07
5861	锑	2.410280979917096e-07
5862	籼	2.410166747284339e-07
5863	鲎	2.400308004214233e-07
5864	锗	2.3903410407552e-07
5865	秾	2.3903410407552e-07
5866	哌	2.390130612221174e-07
5867	亶	2.380548432367216e-07
5868	攮	2.360530334035539e-07
5869	轫	2.360389046305549e-07
5870	璺	2.350713676672238e-07
5871	绐	2.350596437917566e-07
5872	谖	2.350515272625871e-07
5873	叆	2.330602388561206e-07
5874	髫	2.330509198781851e-07
5875	蚧	2.330461100831217e-07
5876	轾	2.320647449589831e-07
5877	赉	2.310560241254211e-07
5878	搴	2.310361837207843e-07
5879	袆	2.300668430843043e-07
5880	赀	2.300587265551348e-07
5881	笮	2.290647357189546e-07
5882	摭	2.290620302092314e-07
5883	砗	2.290373800095312e-07
5884	偬	2.280635301901793e-07
5885	蝾	2.280364750929474e-07
5886	戋	2.270683369052332e-07
5887	飧	2.270614228248295e-07
5888	卮	2.260445854620979e-07
5889	谵	2.26043984237715e-07
5890	曩	2.260376713816942e-07
5891	蛏	2.260172297526746e-07
5892	喹	2.260021991431013e-07
5893	岢	2.250614166648105e-07
5894	祼	2.250472878918116e-07
5895	鸬	2.230529933634305e-07
5896	溱	2.230484841805585e-07
5897	脩	2.220283400837208e-07
5898	吽	2.21057796998475e-07
5899	腈	2.210081959868832e-07
5900	缡	2.200638061622948e-07
5901	桷	2.200328431065739e-07
5902	昳	2.190484718605206e-07
5903	鲥	2.190391528825852e-07
5904	阍	2.180592908194039e-07
5905	梼	2.180592908194039e-07
5906	勰	2.180346406197037e-07
5907	碚	2.180247204173853e-07
5908	鲣	2.18010291032195e-07
5909	徼	2.170511712102248e-07
5910	甯	2.170175026447807e-07
5911	缶	2.160433522132372e-07
5912	茝	2.150622877012901e-07
5913	檗	2.150397417869301e-07
5914	氩	2.150132879140811e-07
5915	烀	2.150114842409324e-07
5916	垵	2.15001564038614e-07
5917	剀	2.140643889066208e-07
5918	幛	2.14063186457855e-07
5919	谰	2.140607815603233e-07
5920	龁	2.140607815603233e-07
5921	遄	2.1404575095075e-07
5922	潆	2.130577723583991e-07
5923	笊	2.130535637877186e-07
5924	胝	2.130355270562306e-07
5925	嘧	2.130120793052963e-07
5926	蟮	2.110616741568692e-07
5927	浞	2.110577661983801e-07
5928	苴	2.110553613008484e-07
5929	镒	2.11049950281402e-07
5930	缳	2.11049950281402e-07
5931	甪	2.110430362009983e-07
5932	艉	2.100532539354987e-07
5933	艿	2.090529502432977e-07
5934	顸	2.090442324897452e-07
5935	蒽	2.080210822709929e-07
5936	翥	2.070571526539592e-07
5937	熜	2.070472324516409e-07
5938	朐	2.07046631227258e-07
5939	梃	2.070436251053433e-07
5940	亍	2.070430238809604e-07
5941	僳	2.070261895982383e-07
5942	铯	2.07020177354409e-07
5943	蝓	2.060279901913776e-07
5944	蕞	2.060222785597397e-07
5945	悝	2.050336987430059e-07
5946	祕	2.050306926210913e-07
5947	橼	2.050225760919217e-07
5948	酞	2.05007244870157e-07
5949	圮	2.030517293144749e-07
5950	卺	2.030493244169432e-07
5951	蘧	2.030487231925603e-07
5952	傧	2.010529256032218e-07
5953	醯	2.01051121930073e-07
5954	鳎	2.01033686422968e-07
5955	痦	2.01033686422968e-07
5956	傒	2.000583335426587e-07
5957	锶	2.000421004843195e-07
5958	霪	1.98055922485108e-07
5959	鲂	1.980454010584067e-07
5960	胍	1.960117263329436e-07
5961	姽	1.950456924305697e-07
5962	笥	1.950345697794855e-07
5963	鸫	1.950345697794855e-07
5964	毳	1.950102201919768e-07
5965	鹮	1.950021036628072e-07
5966	筲	1.940441862896029e-07
5967	殂	1.930399746389129e-07
5968	鲞	1.93025845865914e-07
5969	蝤	1.930201342342762e-07
5970	珽	1.920559040050511e-07
5971	鼍	1.920420758442437e-07
5972	蔸	1.910574039859989e-07
5973	塍	1.91052293578744e-07
5974	鄄	1.910480850080635e-07
5975	鍪	1.900489837646284e-07
5976	竑	1.900453764183308e-07
5977	鼙	1.90039664786693e-07
5978	藁	1.900231311161623e-07
5979	柢	1.890492812968104e-07
5980	胼	1.890282384434078e-07
5981	胗	1.890177170167065e-07
5982	粢	1.890096004875369e-07
5983	砻	1.880477751558436e-07
5984	笕	1.880390574022911e-07
5985	颟	1.880309408731215e-07
5986	厣	1.870531830952805e-07
5987	镪	1.870519806465146e-07
5988	驺	1.870411586076218e-07
5989	璩	1.870393549344731e-07
5990	潲	1.870345451394096e-07
5991	犇	1.870147047347729e-07
5992	眭	1.860483702202075e-07
5993	媵	1.86044161649527e-07
5994	鹚	1.860429592007612e-07
5995	嬖	1.850480665280066e-07
5996	罘	1.850345389793906e-07
5997	埸	1.84044756713891e-07
5998	榧	1.840360389603385e-07
5999	钒	1.840167997800846e-07
6000	燠	1.830531707752425e-07
6001	瘿	1.830420481241583e-07
6002	邡	1.830300236364997e-07
6003	堃	1.830201034341813e-07
6004	硖	1.820495603489354e-07
6005	缵	1.820435481051061e-07
6006	跣	1.820417444319573e-07
6007	跗	1.820405419831915e-07
6008	腧	1.820173948444486e-07
6009	氡	1.820107813762364e-07
6010	锔	1.810351278837356e-07
6011	曈	1.810309193130551e-07
6012	鲀	1.810182936010135e-07
6013	耵	1.810035636036317e-07
6014	暾	1.800504560254909e-07
6015	偾	1.800342229671517e-07
6016	鹩	1.8003181806962e-07
6017	愀	1.790462443748009e-07
6018	鳐	1.790297107042702e-07
6019	鼯	1.790071647899103e-07
6020	叇	1.780522535386207e-07
6021	鞫	1.780483455801316e-07
6022	缫	1.780405296631535e-07
6023	卬	1.770426308684843e-07
6024	燹	1.770408271953355e-07
6025	彳	1.770239929126134e-07
6026	芏	1.760534498273676e-07
6027	畀	1.760306033008162e-07
6028	脲	1.760026463670099e-07
6029	笸	1.750519436864008e-07
6030	鲩	1.750384161377848e-07
6031	铪	1.750098579795956e-07
6032	溽	1.740342044870948e-07
6033	鲳	1.740161677556069e-07
6034	萜	1.740038426557568e-07
6035	孥	1.730495326288501e-07
6036	澂	1.730426185484464e-07
6037	剡	1.730378087533829e-07
6038	跏	1.730351032436597e-07
6039	蹀	1.730308946729792e-07
6040	爨	1.730221769194267e-07
6041	禤	1.720516338341808e-07
6042	湣	1.720453209781601e-07
6043	鋈	1.710489252444482e-07
6044	鹡	1.710426123884274e-07
6045	伛	1.710408087152786e-07
6046	煳	1.710390050421298e-07
6047	暌	1.710278823910456e-07
6048	馓	1.710245756569394e-07
6049	幪	1.700516276741619e-07
6050	萑	1.70045916042524e-07
6051	褊	1.700435111449923e-07
6052	蘖	1.69037796433345e-07
6053	磲	1.690290786797924e-07
6054	垕	1.690239682725375e-07
6055	裣	1.6805102028976e-07
6056	萏	1.68038093965527e-07
6057	匏	1.680368915167611e-07
6058	豳	1.680362902923781e-07
6059	玘	1.680131431536353e-07
6060	儇	1.670444037415382e-07
6061	嘡	1.660462043346776e-07
6062	裎	1.660447012737202e-07
6063	刖	1.660428976005714e-07
6064	尥	1.660386890298909e-07
6065	绨	1.660356829079763e-07
6066	岜	1.650437963571363e-07
6067	炻	1.650425939083705e-07
6068	绂	1.650407902352217e-07
6069	燔	1.650254590134569e-07
6070	蒟	1.65006821057586e-07
6071	囟	1.640257565456389e-07
6072	虼	1.620491981365543e-07
6073	帻	1.620434865049164e-07
6074	邗	1.620350693635554e-07
6075	溷	1.62025149161237e-07
6076	腠	1.620119222248125e-07
6077	佾	1.61038373017652e-07
6078	冏	1.610284528153336e-07
6079	锞	1.600485907521523e-07
6080	棽	1.600479895277694e-07
6081	嗉	1.600398729985998e-07
6082	琤	1.590452809380368e-07
6083	倮	1.590440784892709e-07
6084	磴	1.590419742039306e-07
6085	戢	1.590326552259952e-07
6086	垸	1.580449772458358e-07
6087	铘	1.580398668385809e-07
6088	觚	1.580380631654321e-07
6089	佺	1.580380631654321e-07
6090	疠	1.580323515337942e-07
6091	槭	1.58025738065582e-07
6092	萩	1.570221276392749e-07
6093	麇	1.560455723101997e-07
6094	屣	1.56043167412668e-07
6095	赑	1.560233270080313e-07
6096	崁	1.550440661692329e-07
6097	瘐	1.5504346494485e-07
6098	缒	1.550428637204671e-07
6099	鲋	1.550347471912975e-07
6100	埕	1.550314404571914e-07
6101	蚶	1.550230233158303e-07
6102	墼	1.540461673745637e-07
6103	禔	1.540449649257979e-07
6104	悛	1.5403925329416e-07
6105	谮	1.540305355406075e-07
6106	邨	1.540176092163745e-07
6107	瓞	1.54008891462822e-07
6108	趱	1.530452624579798e-07
6109	槠	1.530446612335969e-07
6110	醌	1.530019743024088e-07
6111	溲	1.520368422366093e-07
6112	蠖	1.520305293805885e-07
6113	蚴	1.520257195855251e-07
6114	菘	1.520233146879933e-07
6115	爔	1.510446550735779e-07
6116	漭	1.510335324224937e-07
6117	矞	1.510043730399215e-07
6118	皤	1.500344311790586e-07
6119	桴	1.500257134255061e-07
6120	蚰	1.500187993451024e-07
6121	燚	1.500139895500389e-07
6122	玭	1.490446489135589e-07
6123	汔	1.490410415672614e-07
6124	饫	1.49039538506304e-07
6125	觳	1.490329250380918e-07
6126	癀	1.490025632067538e-07
6127	礅	1.480431427725921e-07
6128	饧	1.480386335897201e-07
6129	麈	1.480350262434226e-07
6130	伲	1.480338237946567e-07
6131	蠓	1.48031418897125e-07
6132	剋	1.48030817672742e-07
6133	锝	1.480302164483591e-07
6134	茆	1.480163882875517e-07
6135	旰	1.470341213268387e-07
6136	昝	1.470335201024558e-07
6137	秕	1.470199925538398e-07
6138	鞯	1.460407317150414e-07
6139	劢	1.460386274297012e-07
6140	愦	1.460362225321694e-07
6141	怍	1.460296090639572e-07
6142	芗	1.460275047786169e-07
6143	浥	1.460082655983631e-07
6144	饸	1.460082655983631e-07
6145	盉	1.450440353691381e-07
6146	鸰	1.450383237375002e-07
6147	奭	1.450299065961392e-07
6148	墡	1.440431304525542e-07
6149	菔	1.44027498618598e-07
6150	骖	1.440250937210662e-07
6151	曌	1.440103637236844e-07
6152	昺	1.430235875800994e-07
6153	潟	1.430019435023139e-07
6154	砬	1.420419218437694e-07
6155	缑	1.420362102121315e-07
6156	粜	1.420356089877486e-07
6157	滹	1.420350077633656e-07
6158	葸	1.420344065389827e-07
6159	彖	1.420326028658339e-07
6160	聍	1.420052471564105e-07
6161	迓	1.410416181515684e-07
6162	彟	1.410392132540367e-07
6163	袢	1.410335016223988e-07
6164	畋	1.410286918273354e-07
6165	缬	1.410217777469317e-07
6166	郤	1.410154648909109e-07
6167	苾	1.410112563202304e-07
6168	辏	1.400395107862187e-07
6169	羝	1.400377071130699e-07
6170	缣	1.400268850741771e-07
6171	唛	1.400133575255611e-07
6172	羖	1.390404095427836e-07
6173	幞	1.390253789332103e-07
6174	隹	1.390247777088273e-07
6175	劬	1.380307868726472e-07
6176	鄣	1.380295844238813e-07
6177	锕	1.380232715678605e-07
6178	銎	1.370404033827646e-07
6179	庋	1.370352929755097e-07
6180	咥	1.370304831804462e-07
6181	搛	1.370286795072974e-07
6182	鞮	1.360394984661807e-07
6183	舻	1.36032584385777e-07
6184	郇	1.360319831613941e-07
6185	锜	1.360319831613941e-07
6186	酹	1.360283758150965e-07
6187	眄	1.350286733472784e-07
6188	琇	1.350253666131723e-07
6189	谳	1.340382898573959e-07
6190	滏	1.340331794501409e-07
6191	颡	1.340289708794604e-07
6192	躞	1.340208543502909e-07
6193	苄	1.340085292504408e-07
6194	锍	1.330385873895778e-07
6195	棼	1.330379861651949e-07
6196	蕻	1.330187469849411e-07
6197	肼	1.330070231094739e-07
6198	蒌	1.320271610462927e-07
6199	沚	1.310391824539418e-07
6200	椐	1.31037378780793e-07
6201	嘏	1.310334708223039e-07
6202	觜	1.30037676312975e-07
6203	洫	1.300358726398262e-07
6204	旆	1.300271548862737e-07
6205	磙	1.290355689476252e-07
6206	鹾	1.290343664988594e-07
6207	蓐	1.290322622135191e-07
6208	觇	1.290268511940727e-07
6209	浐	1.290058083406701e-07
6210	阃	1.280370689285731e-07
6211	嫠	1.280313572969352e-07
6212	鲭	1.280172285239363e-07
6213	硁	1.280043021997033e-07
6214	豨	1.27020532178033e-07
6215	辋	1.270118144244805e-07
6216	蠊	1.260079033859819e-07
6217	狝	1.250373603007361e-07
6218	扃	1.250343541788214e-07
6219	耜	1.250316486690982e-07
6220	愔	1.250310474447153e-07
6221	玡	1.25025035200886e-07
6222	螽	1.250157162229506e-07
6223	栌	1.240313449768973e-07
6224	濞	1.240307437525144e-07
6225	湜	1.240289400793656e-07
6226	楯	1.240220259989619e-07
6227	坜	1.230355504675683e-07
6228	慊	1.230286363871646e-07
6229	畚	1.23025029040867e-07
6230	鸸	1.230087959825279e-07
6231	埗	1.230012806777412e-07
6232	鹣	1.220289339193466e-07
6233	莨	1.220160075951136e-07
6234	郛	1.210325381856347e-07
6235	栲	1.210262253296139e-07
6236	埵	1.210145014541467e-07
6237	劼	1.210145014541467e-07
6238	涐	1.210006732933393e-07
6239	蹾	1.200358418397313e-07
6240	呒	1.200289277593276e-07
6241	隳	1.200241179642642e-07
6242	鳔	1.200184063326263e-07
6243	嵛	1.20012394088797e-07
6244	镓	1.200048787840104e-07
6245	獍	1.190343356987645e-07
6246	廨	1.190331332499987e-07
6247	狁	1.190292252915096e-07
6248	肫	1.190286240671267e-07
6249	圯	1.190232130476803e-07
6250	洎	1.190150965185107e-07
6251	烝	1.190138940697448e-07
6252	肟	1.19012691620979e-07
6253	搋	1.190057775405753e-07
6254	淯	1.180301240480745e-07
6255	僦	1.180247130286281e-07
6256	醢	1.180235105798623e-07
6257	鳉	1.180012652776938e-07
6258	邠	1.17025611785193e-07
6259	蛴	1.170220044388955e-07
6260	墁	1.160310197246299e-07
6261	赜	1.160295166636726e-07
6262	褰	1.160159891150567e-07
6263	蕗	1.150349246031095e-07
6264	鹪	1.150313172568119e-07
6265	尜	1.150313172568119e-07
6266	蔟	1.15030716032429e-07
6267	垴	1.150238019520253e-07
6268	嗾	1.150207958301106e-07
6269	忉	1.150168878716215e-07
6270	柙	1.140346209109085e-07
6271	埒	1.14031013564611e-07
6272	谠	1.14026504381739e-07
6273	狨	1.140253019329731e-07
6274	疃	1.140253019329731e-07
6275	鲊	1.140253019329731e-07
6276	蟪	1.14009068874634e-07
6277	宄	1.130313110967929e-07
6278	皞	1.130286055870697e-07
6279	诜	1.130274031383039e-07
6280	芟	1.120258969973371e-07
6281	丏	1.120210872022736e-07
6282	剞	1.110337098343057e-07
6283	鳙	1.110045504517335e-07
6284	裒	1.100304000201901e-07
6285	陔	1.100291975714242e-07
6286	拶	1.100291975714242e-07
6287	劁	1.100285963470413e-07
6288	胙	1.10027093286084e-07
6289	陬	1.100234859397864e-07
6290	铋	1.100072528814472e-07
6291	洳	1.09031298776755e-07
6292	尢	1.090273908182659e-07
6293	篼	1.090237834719683e-07
6294	雩	1.090219797988196e-07
6295	诼	1.090219797988196e-07
6296	鳇	1.090126608208841e-07
6297	裉	1.080321975333199e-07
6298	唣	1.080303938601711e-07
6299	埭	1.080153632505978e-07
6300	坼	1.07031292616736e-07
6301	掊	1.070249797607152e-07
6302	鲆	1.070249797607152e-07
6303	辊	1.070237773119494e-07
6304	疔	1.070201699656518e-07
6305	洧	1.070195687412689e-07
6306	桕	1.060192650490679e-07
6307	烔	1.0601355341743e-07
6308	钕	1.060129521930471e-07
6309	薤	1.060123509686642e-07
6310	镧	1.060075411736007e-07
6311	虓	1.060060381126434e-07
6312	籴	1.050225687031646e-07
6313	芘	1.050162558471438e-07
6314	襞	1.050132497252291e-07
6315	襜	1.050051331960595e-07
6316	悃	1.040303815401332e-07
6317	俵	1.040252711328783e-07
6318	刳	1.040198601134319e-07
6319	硪	1.040174552159001e-07
6320	鳊	1.040159521549428e-07
6321	邾	1.04014148481794e-07
6322	畎	1.030219613187626e-07
6323	黾	1.030207588699968e-07
6324	摽	1.03014446013976e-07
6325	羰	1.030072313213808e-07
6326	筥	1.020309766044971e-07
6327	靸	1.020267680338166e-07
6328	虮	1.020234612997105e-07
6329	柽	1.020204551777958e-07
6330	钪	1.0201925272903e-07
6331	舁	1.010276667903815e-07
6332	觌	1.010237588318925e-07
6333	羑	1.010231576075095e-07
6334	昃	1.010225563831266e-07
6335	疳	1.010138386295741e-07
6336	蛲	1.010120349564253e-07
6337	葑	1.000198477933939e-07
6338	呣	9.90288630791284e-08
6339	瞢	9.902255022310763e-08
6340	杪	9.902255022310763e-08
6341	氾	9.90114275720234e-08
6342	嗍	9.802976183569331e-08
6343	浈	9.802675571377866e-08
6344	蒻	9.800360857503578e-08
6345	楪	9.800060245312114e-08
6346	绹	9.702885691910944e-08
6347	犨	9.702705324596064e-08
6348	祓	9.702314528747159e-08
6349	禊	9.702013916555694e-08
6350	觯	9.602915445129141e-08
6351	簏	9.602795200252554e-08
6352	鞬	9.602614832937675e-08
6353	诎	9.602344281965356e-08
6354	弢	9.601743057582425e-08
6355	髑	9.601743057582425e-08
6356	袪	9.601171894418639e-08
6357	鹋	9.600690914912295e-08
6358	崦	9.502824953470753e-08
6359	楙	9.502644586155873e-08
6360	飑	9.502524341279288e-08
6361	浼	9.502464218840994e-08
6362	翚	9.502313912745262e-08
6363	镡	9.502253790306969e-08
6364	圬	9.502013300553796e-08
6365	焜	9.501832933238916e-08
6366	倓	9.501201647636837e-08
6367	檠	9.402554094497485e-08
6368	捽	9.402373727182605e-08
6369	絜	9.40162219670394e-08
6370	缂	9.401291523293329e-08
6371	窅	9.401291523293329e-08
6372	埽	9.302643970153976e-08
6373	堠	9.302463602839096e-08
6374	猃	9.301772194798724e-08
6375	栳	9.30147158260726e-08
6376	埴	9.20192219289351e-08
6377	蒗	9.201862070455216e-08
6378	蜩	9.201561458263751e-08
6379	棻	9.201561458263751e-08
6380	铒	9.200990295099965e-08
6381	縠	9.200749805346793e-08
6382	棨	9.200569438031914e-08
6383	瘳	9.102763599028665e-08
6384	硗	9.1024629868372e-08
6385	怃	9.102402864398907e-08
6386	伋	9.102192435864881e-08
6387	溆	9.101771578796828e-08
6388	甡	9.101771578796828e-08
6389	瑨	9.002733229808569e-08
6390	蒉	9.00255286249369e-08
6391	哢	9.00255286249369e-08
6392	蠼	9.002312372740518e-08
6393	鲦	9.001380474946974e-08
6394	猇	9.001170046412948e-08
6395	踔	8.902582615711889e-08
6396	觫	8.902522493273595e-08
6397	戥	8.902282003520422e-08
6398	鬏	8.902221881082129e-08
6399	鬯	8.902071574986397e-08
6400	蒡	8.901139677192853e-08
6401	孖	8.900959309877973e-08
6402	饹	8.900899187439679e-08
6403	蒐	8.900358085495041e-08
6404	碡	8.802672491368379e-08
6405	磻	8.802552246491792e-08
6406	榇	8.802492124053499e-08
6407	遹	8.802251634300328e-08
6408	锘	8.801740593574835e-08
6409	弇	8.80143998138337e-08
6410	鼩	8.80011728774092e-08
6411	泖	8.702461754833404e-08
6412	絷	8.702281387518526e-08
6413	羼	8.702161142641939e-08
6414	圹	8.701830469231327e-08
6415	嵴	8.700958693876076e-08
6416	滘	8.700718204122903e-08
6417	柊	8.700597959246316e-08
6418	狃	8.602190895860137e-08
6419	遘	8.602040589764404e-08
6420	舳	8.601679855134645e-08
6421	钍	8.601619732696353e-08
6422	钋	8.601319120504886e-08
6423	毌	8.600747957341101e-08
6424	馃	8.600447345149636e-08
6425	袼	8.502581383708094e-08
6426	嵫	8.502401016393214e-08
6427	侔	8.502280771516628e-08
6428	缧	8.502220649078334e-08
6429	铫	8.50164948591455e-08
6430	篥	8.402370647173118e-08
6431	嗌	8.40219027985824e-08
6432	尨	8.401558994256161e-08
6433	揸	8.401438749379575e-08
6434	扽	8.401318504502989e-08
6435	仡	8.401258382064695e-08
6436	淏	8.302220033076438e-08
6437	廛	8.302099788199851e-08
6438	鲼	8.301708992350945e-08
6439	邽	8.301648869912652e-08
6440	郄	8.301528625036066e-08
6441	汧	8.301408380159481e-08
6442	苊	8.202490276047808e-08
6443	甍	8.202069418979756e-08
6444	袷	8.202069418979756e-08
6445	谂	8.201618500692557e-08
6446	瘗	8.201558378254265e-08
6447	巯	8.20062648046072e-08
6448	哿	8.102459906827713e-08
6449	绱	8.102339661951127e-08
6450	颃	8.101888743663928e-08
6451	枹	8.101828621225635e-08
6452	沩	8.101708376349048e-08
6453	堙	8.101407764157582e-08
6454	獴	8.10116727440441e-08
6455	舾	8.100836600993797e-08
6456	钽	8.100596111240624e-08
6457	铟	8.10029549904916e-08
6458	茌	8.002008680539566e-08
6459	瞀	8.00179825200554e-08
6460	濉	8.00161788469066e-08
6461	蜣	8.001257150060901e-08
6462	筅	8.000806231773702e-08
6463	渟	8.000325252267357e-08
6464	罱	7.902399168387522e-08
6465	埘	7.90233904594923e-08
6466	呙	7.902278923510935e-08
6467	虿	7.90197831131947e-08
6468	巉	7.901828005223738e-08
6469	爝	7.901647637908858e-08
6470	蛱	7.901647637908858e-08
6471	瓿	7.901226780840806e-08
6472	锩	7.802308676729135e-08
6473	倧	7.802308676729135e-08
6474	牾	7.802248554290841e-08
6475	谇	7.802128309414255e-08
6476	晡	7.801797636003642e-08
6477	湓	7.801497023812176e-08
6478	耪	7.702218185070746e-08
6479	浯	7.70191757287928e-08
6480	篪	7.701767266783546e-08
6481	鄠	7.701105919962322e-08
6482	甏	7.701045797524029e-08
6483	菂	7.700174022168778e-08
6484	鹆	7.602187815850652e-08
6485	漶	7.602127693412358e-08
6486	吣	7.601947326097478e-08
6487	悫	7.601676775125159e-08
6488	箅	7.601616652686866e-08
6489	脬	7.502157446630555e-08
6490	绲	7.502037201753969e-08
6491	惝	7.501916956877383e-08
6492	掎	7.50158628346677e-08
6493	髹	7.501526161028477e-08
6494	庹	7.501526161028477e-08
6495	僰	7.50140591615189e-08
6496	蛸	7.500594263234933e-08
6497	佴	7.402247322287047e-08
6498	镆	7.401886587657289e-08
6499	轵	7.401826465218994e-08
6500	罾	7.401676159123261e-08
6501	垍	7.302036585752071e-08
6502	骍	7.301856218437191e-08
6503	湔	7.301796095998899e-08
6504	罟	7.301645789903165e-08
6505	栝	7.301585667464872e-08
6506	哕	7.202126461408564e-08
6507	荛	7.202126461408564e-08
6508	跽	7.201435053368191e-08
6509	刬	7.200563278012941e-08
6510	岵	7.102035969750174e-08
6511	崞	7.101915724873588e-08
6512	屺	7.101735357558708e-08
6513	菹	7.101585051462976e-08
6514	纩	7.101585051462976e-08
6515	跐	7.100863582203458e-08
6516	榖	7.100803459765165e-08
6517	襻	7.002065722968373e-08
6518	薷	7.001885355653493e-08
6519	笪	7.001704988338614e-08
6520	翃	7.001704988338614e-08
6521	埤	7.00155468224288e-08
6522	菪	7.000773090545069e-08
6523	嫽	6.901975231309985e-08
6524	钭	6.901734741556811e-08
6525	垡	6.901283823269613e-08
6526	偲	6.900532292790948e-08
6527	焌	6.802065106966476e-08
6528	觖	6.802004984528183e-08
6529	踬	6.801644249898423e-08
6530	笾	6.801644249898423e-08
6531	籀	6.801253454049517e-08
6532	酾	6.801133209172931e-08
6533	鬘	6.800501923570854e-08
6534	澪	6.800141188941094e-08
6535	逭	6.70203473774638e-08
6536	诖	6.70203473774638e-08
6537	眚	6.701914492869793e-08
6538	檞	6.701613880678327e-08
6539	觋	6.701403452144301e-08
6540	莰	6.602004368526285e-08
6541	垧	6.601944246087992e-08
6542	畛	6.601824001211405e-08
6543	黹	6.601824001211405e-08
6544	砉	6.601763878773112e-08
6545	绁	6.601703756334818e-08
6546	龆	6.601703756334818e-08
6547	嶝	6.600892103417861e-08
6548	匦	6.501973999306189e-08
6549	沄	6.50161326467643e-08
6550	髎	6.501042101512646e-08
6551	罽	6.500621244444594e-08
6552	昽	6.401883507647802e-08
6553	敉	6.401823385209509e-08
6554	龀	6.401763262771215e-08
6555	伾	6.401703140332921e-08
6556	枵	6.401703140332921e-08
6557	癍	6.401522773018042e-08
6558	梿	6.401522773018042e-08
6559	苤	6.401312344484016e-08
6560	坭	6.400891487415963e-08
6561	窬	6.301913260865999e-08
6562	裥	6.301732893551119e-08
6563	晢	6.301672771112826e-08
6564	氆	6.301672771112826e-08
6565	莩	6.30155252623624e-08
6566	骀	6.30128197526392e-08
6567	牤	6.201882891645904e-08
6568	瑧	6.201882891645904e-08
6569	仳	6.201762646769317e-08
6570	崾	6.201702524331024e-08
6571	翙	6.201702524331024e-08
6572	屦	6.201582279454437e-08
6573	玙	6.201582279454437e-08
6574	瀹	6.201311728482118e-08
6575	锇	6.201251606043825e-08
6576	劓	6.201191483605531e-08
6577	扞	6.201011116290653e-08
6578	舴	6.20095099385236e-08
6579	迺	6.200830748975773e-08
6580	縢	6.200319708250281e-08
6581	闶	6.101852522425808e-08
6582	茺	6.101852522425808e-08
6583	嫜	6.101852522425808e-08
6584	瑢	6.101852522425808e-08
6585	猰	6.101732277549223e-08
6586	俜	6.101161114385437e-08
6587	蝥	6.101161114385437e-08
6588	圊	6.100800379755678e-08
6589	敫	6.001641785890834e-08
6590	锸	6.001641785890834e-08
6591	舯	6.001641785890834e-08
6592	枘	6.001521541014247e-08
6593	襕	6.001130745165342e-08
6594	泺	6.000950377850462e-08
6595	欻	6.00070988809729e-08
6596	罨	6.000649765658997e-08
6597	芣	6.000589643220704e-08
6598	蝽	6.000258969810092e-08
6599	铷	6.000138724933505e-08
6600	郐	5.901731661547325e-08
6601	垱	5.901731661547325e-08
6602	埝	5.901611416670738e-08
6603	潽	5.901551294232445e-08
6604	卣	5.901491171794152e-08
6605	钬	5.901040253506953e-08
6606	疍	5.900439029124022e-08
6607	蔹	5.900378906685729e-08
6608	芄	5.801761414765523e-08
6609	鞔	5.801761414765523e-08
6610	唪	5.801581047450643e-08
6611	馇	5.801581047450643e-08
6612	骒	5.801460802574056e-08
6613	浍	5.801460802574056e-08
6614	婼	5.801400680135764e-08
6615	嚭	5.801340557697471e-08
6616	妘	5.800949761848565e-08
6617	谿	5.800769394533686e-08
6618	溻	5.701670923107135e-08
6619	曛	5.701610800668841e-08
6620	鹁	5.701610800668841e-08
6621	渫	5.701430433353962e-08
6622	颥	5.701370310915668e-08
6623	刭	5.701310188477375e-08
6624	坰	5.701250066039082e-08
6625	枧	5.701039637505056e-08
6626	蝲	5.700167862149806e-08
6627	茈	5.60146018657216e-08
6628	忞	5.60146018657216e-08
6629	黉	5.601129513161548e-08
6630	橦	5.601069390723254e-08
6631	堉	5.600708656093496e-08
6632	鲻	5.600648533655202e-08
6633	礌	5.600648533655202e-08
6634	溍	5.600468166340323e-08
6635	莸	5.501550062228651e-08
6636	昪	5.501550062228651e-08
6637	赙	5.501489939790357e-08
6638	悰	5.501369694913771e-08
6639	獯	5.501309572475478e-08
6640	矧	5.501309572475478e-08
6641	峣	5.501189327598892e-08
6642	忮	5.501099143941452e-08
6643	觏	5.50103902150316e-08
6644	翛	5.50103902150316e-08
6645	碲	5.50085865418828e-08
6646	鄜	5.50085865418828e-08
6647	饩	5.401579815446848e-08
6648	硎	5.401519693008555e-08
6649	擐	5.401399448131969e-08
6650	噍	5.401399448131969e-08
6651	鹖	5.400527672776719e-08
6652	砵	5.400287183023546e-08
6653	炱	5.301609568665047e-08
6654	硭	5.301609568665047e-08
6655	绋	5.301609568665047e-08
6656	锳	5.301609568665047e-08
6657	桄	5.301369078911874e-08
6658	滠	5.301188711596994e-08
6659	殪	5.301128589158702e-08
6660	趑	5.201579199444951e-08
6661	笱	5.201458954568365e-08
6662	搌	5.201458954568365e-08
6663	阌	5.201458954568365e-08
6664	撙	5.201398832130072e-08
6665	氇	5.201398832130072e-08
6666	踣	5.201338709691779e-08
6667	窭	5.201338709691779e-08
6668	廆	5.201278587253485e-08
6669	毹	5.201278587253485e-08
6670	珧	5.20088779140458e-08
6671	鸲	5.2007074240897e-08
6672	囷	5.200406811898235e-08
6673	菉	5.10142858534827e-08
6674	瘰	5.101248218033391e-08
6675	砹	5.100857422184484e-08
6676	砜	5.100797299746192e-08
6677	胠	5.10037644267814e-08
6678	筼	5.100135952924967e-08
6679	鞲	5.001518461004761e-08
6680	毪	5.001518461004761e-08
6681	暲	5.001518461004761e-08
6682	傉	5.001518461004761e-08
6683	辌	5.001458338566467e-08
6684	龠	5.001157726375002e-08
6685	氍	5.001097603936709e-08
6686	夬	5.000947297840976e-08
6687	骎	5.000766930526096e-08
6688	嫄	4.901247602031493e-08
6689	鬷	4.901247602031493e-08
6690	忭	4.9011874795932e-08
6691	唼	4.901127357154907e-08
6692	鹇	4.900916928620881e-08
6693	甦	4.900856806182587e-08
6694	蓥	4.900556193991122e-08
6695	糵	4.80145772256457e-08
6696	攉	4.801277355249691e-08
6697	黪	4.801277355249691e-08
6698	硐	4.801096987934812e-08
6699	哳	4.801096987934812e-08
6700	酎	4.800976743058226e-08
6701	廑	4.800826436962492e-08
6702	滗	4.800766314524199e-08
6703	恓	4.800646069647612e-08
6704	麹	4.80040557989444e-08
6705	柃	4.70112674115301e-08
6706	滉	4.70094637383813e-08
6707	姞	4.700435333112639e-08
6708	慝	4.601336861686086e-08
6709	鞒	4.601336861686086e-08
6710	牂	4.601216616809501e-08
6711	湲	4.600976127056328e-08
6712	螣	4.600916004618035e-08
6713	蒴	4.600645453645715e-08
6714	蕹	4.600645453645715e-08
6715	铑	4.600404963892543e-08
6716	朓	4.60034484145425e-08
6717	铌	4.600284719015957e-08
6718	硚	4.600284719015957e-08
6719	蜎	4.501366614904285e-08
6720	榱	4.501306492465992e-08
6721	煺	4.501186247589405e-08
6722	垌	4.501186247589405e-08
6723	鲡	4.501066002712819e-08
6724	陞	4.500675206863913e-08
6725	仫	4.500434717110741e-08
6726	轹	4.40115587836931e-08
6727	芤	4.401095755931017e-08
6728	躐	4.400855266177845e-08
6729	璆	4.400644837643818e-08
6730	钇	4.400404347890646e-08
6731	艴	4.301305876464094e-08
6732	蒇	4.301305876464094e-08
6733	蛘	4.301305876464094e-08
6734	琯	4.300824896957749e-08
6735	衄	4.300674590862016e-08
6736	芼	4.30055434598543e-08
6737	亹	4.300494223547137e-08
6738	镋	4.300373978670551e-08
6739	陴	4.201155262367413e-08
6740	詟	4.201155262367413e-08
6741	瓖	4.20109513992912e-08
6742	谞	4.201035017490827e-08
6743	茳	4.200854650175947e-08
6744	鲚	4.200794527737654e-08
6745	钫	4.200704344080214e-08
6746	洸	4.200403731888748e-08
6747	韂	4.101245138023904e-08
6748	霨	4.101245138023904e-08
6749	壸	4.101185015585611e-08
6750	镘	4.101124893147318e-08
6751	鞴	4.101124893147318e-08
6752	戽	4.101064770709025e-08
6753	砑	4.101064770709025e-08
6754	趼	4.100944525832438e-08
6755	摛	4.100944525832438e-08
6756	钌	4.100884403394145e-08
6757	姤	4.100824280955852e-08
6758	鳢	4.100433485106946e-08
6759	瀼	4.100373362668653e-08
6760	筜	4.100132872915481e-08
6761	僬	4.001214768803809e-08
6762	蟛	4.001154646365516e-08
6763	嚄	4.001034401488929e-08
6764	潵	4.000974279050637e-08
6765	砮	4.000643605640023e-08
6766	缊	4.00058348320173e-08
6767	苧	4.000523360763438e-08
6768	稂	4.000342993448558e-08
6769	瘛	3.901184399583713e-08
6770	槔	3.901184399583713e-08
6771	锓	3.901184399583713e-08
6772	辒	3.901004032268835e-08
6773	硇	3.900823664953955e-08
6774	绗	3.900613236419929e-08
6775	爇	3.900553113981636e-08
6776	鄘	3.900372746666756e-08
6777	蓣	3.90025250179017e-08
6778	堋	3.801154030363619e-08
6779	蓂	3.801154030363619e-08
6780	稆	3.801154030363619e-08
6781	瑱	3.801033785487032e-08
6782	穸	3.801033785487032e-08
6783	裼	3.800973663048739e-08
6784	矻	3.800793295733859e-08
6785	垟	3.800673050857273e-08
6786	罍	3.80052274476154e-08
6787	帨	3.800402499884954e-08
6788	螵	3.800402499884954e-08
6789	杩	3.701123661143523e-08
6790	恧	3.701123661143523e-08
6791	骱	3.701123661143523e-08
6792	纻	3.70106353870523e-08
6793	饔	3.70106353870523e-08
6794	酲	3.701003416266937e-08
6795	勔	3.700943293828644e-08
6796	脞	3.70088317139035e-08
6797	舄	3.700823048952057e-08
6798	芴	3.700823048952057e-08
6799	岽	3.700702804075471e-08
6800	锖	3.700552497979738e-08
6801	鹎	3.700372130664858e-08
6802	胲	3.601093291923428e-08
6803	箢	3.601093291923428e-08
6804	桤	3.601033169485135e-08
6805	瘼	3.601033169485135e-08
6806	毵	3.601033169485135e-08
6807	洨	3.601033169485135e-08
6808	苘	3.601033169485135e-08
6809	俫	3.601033169485135e-08
6810	畤	3.600852802170256e-08
6811	拃	3.600792679731962e-08
6812	鼗	3.600792679731962e-08
6813	蕺	3.600732557293669e-08
6814	胬	3.600672434855376e-08
6815	倞	3.600522128759643e-08
6816	埏	3.600462006321349e-08
6817	鸺	3.600401883883057e-08
6818	峧	3.501062922703333e-08
6819	岣	3.50100280026504e-08
6820	锊	3.500942677826747e-08
6821	胂	3.500942677826747e-08
6822	酤	3.500642065635281e-08
6823	杻	3.500581943196988e-08
6824	嬿	3.500311392224668e-08
6825	糈	3.401032553483238e-08
6826	墚	3.401032553483238e-08
6827	鹨	3.401032553483238e-08
6828	黡	3.400972431044945e-08
6829	疬	3.400912308606651e-08
6830	铽	3.400852186168358e-08
6831	趯	3.400551573976892e-08
6832	楗	3.400401267881159e-08
6833	鲐	3.40022090056628e-08
6834	肷	3.301002184263143e-08
6835	嶲	3.301002184263143e-08
6836	苈	3.300881939386556e-08
6837	骕	3.300881939386556e-08
6838	堍	3.300821816948263e-08
6839	坌	3.300701572071676e-08
6840	鲃	3.300641449633384e-08
6841	畬	3.300370898661064e-08
6842	祲	3.300130408907892e-08
6843	咺	3.300070286469598e-08
6844	琲	3.300070286469598e-08
6845	坫	3.200971815043047e-08
6846	蛑	3.200971815043047e-08
6847	嵝	3.20085157016646e-08
6848	胨	3.200791447728168e-08
6849	迕	3.200791447728168e-08
6850	飐	3.200731325289875e-08
6851	馘	3.200731325289875e-08
6852	浬	3.200731325289875e-08
6853	璮	3.200550957974995e-08
6854	钐	3.200400651879262e-08
6855	钆	3.200340529440969e-08
6856	惛	3.200220284564382e-08
6857	邲	3.200160162126089e-08
6858	躜	3.100941445822952e-08
6859	贶	3.100941445822952e-08
6860	钘	3.100941445822952e-08
6861	訚	3.100941445822952e-08
6862	玱	3.100941445822952e-08
6863	劂	3.100881323384659e-08
6864	靿	3.100881323384659e-08
6865	眵	3.100881323384659e-08
6866	埯	3.100821200946366e-08
6867	崒	3.100821200946366e-08
6868	斝	3.100460466316607e-08
6869	镴	3.100370282659167e-08
6870	碹	3.000911076602857e-08
6871	肭	3.000911076602857e-08
6872	晊	3.000911076602857e-08
6873	阼	3.000850954164563e-08
6874	螗	3.000850954164563e-08
6875	夼	3.00079083172627e-08
6876	艚	3.00079083172627e-08
6877	瘥	3.000730709287977e-08
6878	枨	3.000670586849684e-08
6879	钷	3.000610464411391e-08
6880	熇	3.000610464411391e-08
6881	蝻	3.000550341973098e-08
6882	荬	3.000550341973098e-08
6883	鹱	3.000550341973098e-08
6884	泐	3.000550341973098e-08
6885	锼	2.900880707382761e-08
6886	锾	2.900880707382761e-08
6887	摅	2.900820584944468e-08
6888	醵	2.900820584944468e-08
6889	酴	2.900820584944468e-08
6890	躔	2.900760462506175e-08
6891	蒨	2.900760462506175e-08
6892	媭	2.900640217629589e-08
6893	葙	2.900640217629589e-08
6894	噀	2.900580095191296e-08
6895	麀	2.900399727876416e-08
6896	扺	2.900309544218976e-08
6897	厍	2.800850338162666e-08
6898	鄹	2.800850338162666e-08
6899	陧	2.800850338162666e-08
6900	砘	2.800850338162666e-08
6901	镈	2.800850338162666e-08
6902	牻	2.800850338162666e-08
6903	鹴	2.800850338162666e-08
6904	奓	2.800790215724373e-08
6905	仉	2.80073009328608e-08
6906	齉	2.80073009328608e-08
6907	垲	2.80073009328608e-08
6908	琎	2.80073009328608e-08
6909	廙	2.800669970847787e-08
6910	澉	2.800669970847787e-08
6911	櫆	2.800669970847787e-08
6912	祏	2.800609848409493e-08
6913	甓	2.800549725971201e-08
6914	鲒	2.800549725971201e-08
6915	赪	2.800489603532907e-08
6916	倻	2.800369358656321e-08
6917	苠	2.800098807684002e-08
6918	煋	2.800098807684002e-08
6919	橥	2.700759846504278e-08
6920	鐾	2.700759846504278e-08
6921	阘	2.700759846504278e-08
6922	蹯	2.700699724065985e-08
6923	蜾	2.700639601627691e-08
6924	驵	2.700579479189399e-08
6925	崚	2.700579479189399e-08
6926	蓰	2.700519356751105e-08
6927	舣	2.700459234312812e-08
6928	骙	2.700459234312812e-08
6929	栴	2.700248805778786e-08
6930	拤	2.600789599722476e-08
6931	淠	2.600789599722476e-08
6932	莶	2.600729477284182e-08
6933	垞	2.600669354845889e-08
6934	锫	2.600669354845889e-08
6935	珵	2.600669354845889e-08
6936	鹯	2.600669354845889e-08
6937	汭	2.600549109969303e-08
6938	惔	2.60048898753101e-08
6939	臑	2.600158314120398e-08
6940	骉	2.600038069243811e-08
6941	箦	2.50075923050238e-08
6942	筘	2.50075923050238e-08
6943	厾	2.500699108064087e-08
6944	蹽	2.500699108064087e-08
6945	偓	2.500578863187501e-08
6946	踺	2.500518740749208e-08
6947	衒	2.500518740749208e-08
6948	珦	2.500458618310915e-08
6949	畯	2.500398495872622e-08
6950	瘕	2.500338373434328e-08
6951	癃	2.500278250996035e-08
6952	坉	2.500278250996035e-08
6953	屾	2.500007700023716e-08
6954	绠	2.400728861282285e-08
6955	糇	2.400728861282285e-08
6956	扆	2.400728861282285e-08
6957	犏	2.400728861282285e-08
6958	爚	2.400728861282285e-08
6959	骦	2.400728861282285e-08
6960	鹛	2.400668738843992e-08
6961	傺	2.400668738843992e-08
6962	帱	2.400548493967406e-08
6963	洑	2.400548493967406e-08
6964	衎	2.400548493967406e-08
6965	裈	2.400428249090819e-08
6966	鳓	2.400368126652526e-08
6967	鱽	2.400368126652526e-08
6968	泙	2.400368126652526e-08
6969	乸	2.400037453241914e-08
6970	咍	2.400037453241914e-08
6971	浉	2.400037453241914e-08
6972	礓	2.30069849206219e-08
6973	褟	2.30069849206219e-08
6974	锬	2.300638369623897e-08
6975	渰	2.300638369623897e-08
6976	掭	2.300578247185604e-08
6977	簃	2.300518124747311e-08
6978	玚	2.300458002309018e-08
6979	偁	2.300337757432431e-08
6980	鳘	2.300217512555845e-08
6981	鳀	2.300217512555845e-08
6982	鲕	2.300067206460112e-08
6983	鳑	2.300067206460112e-08
6984	窀	2.200668122842095e-08
6985	榍	2.200668122842095e-08
6986	棁	2.200668122842095e-08
6987	赆	2.200668122842095e-08
6988	葰	2.200668122842095e-08
6989	瘵	2.200547877965509e-08
6990	眊	2.200547877965509e-08
6991	葎	2.200487755527216e-08
6992	菼	2.200367510650629e-08
6993	麑	2.200247265774043e-08
6994	巇	2.20018714333575e-08
6995	哱	2.20018714333575e-08
6996	恝	2.100637753621999e-08
6997	捃	2.100637753621999e-08
6998	锿	2.100637753621999e-08
6999	桊	2.100637753621999e-08
7000	跞	2.100637753621999e-08
7001	轪	2.100637753621999e-08
7002	鹍	2.100577631183707e-08
7003	瘅	2.100577631183707e-08
7004	迮	2.100517508745413e-08
7005	禘	2.100517508745413e-08
7006	锎	2.10045738630712e-08
7007	窊	2.10045738630712e-08
7008	瀍	2.100397263868827e-08
7009	贳	2.100397263868827e-08
7010	柈	2.100337141430534e-08
7011	鲌	2.100216896553948e-08
7012	鼱	2.100066590458215e-08
7013	眢	2.000607384401904e-08
7014	锪	2.000607384401904e-08
7015	璱	2.000607384401904e-08
7016	垤	2.000547261963611e-08
7017	嶒	2.000547261963611e-08
7018	晅	2.000547261963611e-08
7019	亸	2.000487139525318e-08
7020	镃	2.000366894648732e-08
7021	僇	2.000306772210438e-08
7022	鲙	2.000246649772146e-08
7023	藠	2.000246649772146e-08
7024	憙	2.000186527333852e-08
7025	叚	2.000126404895559e-08
7026	冱	1.900577015181809e-08
7027	庳	1.900577015181809e-08
7028	眍	1.900577015181809e-08
7029	萆	1.900577015181809e-08
7030	铞	1.900577015181809e-08
7031	滍	1.900577015181809e-08
7032	饳	1.900577015181809e-08
7033	瑆	1.900577015181809e-08
7034	馉	1.900577015181809e-08
7035	浰	1.900577015181809e-08
7036	稙	1.900577015181809e-08
7037	钔	1.900516892743516e-08
7038	椠	1.900516892743516e-08
7039	靬	1.900516892743516e-08
7040	篚	1.900456770305223e-08
7041	燋	1.900456770305223e-08
7042	镦	1.90039664786693e-08
7043	酺	1.900276402990344e-08
7044	鬒	1.900276402990344e-08
7045	飔	1.90021628055205e-08
7046	棪	1.90021628055205e-08
7047	堌	1.90021628055205e-08
7048	宬	1.90021628055205e-08
7049	铏	1.90021628055205e-08
7050	洴	1.900156158113757e-08
7051	鲗	1.900156158113757e-08
7052	鳣	1.900096035675464e-08
7053	箨	1.800546645961714e-08
7054	阽	1.800546645961714e-08
7055	瘭	1.800546645961714e-08
7056	螬	1.800426401085128e-08
7057	栻	1.800426401085128e-08
7058	抃	1.800426401085128e-08
7059	朏	1.800426401085128e-08
7060	濩	1.800366278646834e-08
7061	掞	1.800366278646834e-08
7062	铼	1.800246033770248e-08
7063	棐	1.800246033770248e-08
7064	籥	1.800246033770248e-08
7065	渼	1.800246033770248e-08
7066	劄	1.800246033770248e-08
7067	骃	1.800185911331955e-08
7068	踦	1.800125788893662e-08
7069	鲺	1.800065666455369e-08
7070	橞	1.800065666455369e-08
7071	鲉	1.800065666455369e-08
7072	胩	1.700516276741619e-08
7073	垯	1.700516276741619e-08
7074	谫	1.700516276741619e-08
7075	耖	1.700516276741619e-08
7076	碃	1.700516276741619e-08
7077	溚	1.700516276741619e-08
7078	遆	1.700456154303326e-08
7079	葜	1.700396031865033e-08
7080	瞍	1.700335909426739e-08
7081	耰	1.700275786988446e-08
7082	铚	1.700275786988446e-08
7083	榅	1.70015554211186e-08
7084	氕	1.700095419673567e-08
7085	澼	1.700095419673567e-08
7086	铈	1.700095419673567e-08
7087	鲏	1.700035297235274e-08
7088	栟	1.700035297235274e-08
7089	沇	1.700035297235274e-08
7090	廒	1.600485907521524e-08
7091	赇	1.600485907521524e-08
7092	挓	1.600485907521524e-08
7093	嫕	1.600485907521524e-08
7094	褕	1.600485907521524e-08
7095	鹙	1.600485907521524e-08
7096	鼷	1.60042578508323e-08
7097	蹅	1.60042578508323e-08
7098	嚆	1.600365662644937e-08
7099	翾	1.600365662644937e-08
7100	骣	1.600365662644937e-08
7101	盦	1.600365662644937e-08
7102	鹢	1.600365662644937e-08
7103	辀	1.600365662644937e-08
7104	镅	1.600305540206644e-08
7105	滃	1.600305540206644e-08
7106	鄚	1.600245417768351e-08
7107	绖	1.600245417768351e-08
7108	碏	1.600185295330058e-08
7109	耱	1.600125172891765e-08
7110	夐	1.600125172891765e-08
7111	蓇	1.600125172891765e-08
7112	鳡	1.600065050453471e-08
7113	塱	1.600004928015178e-08
7114	螠	1.600004928015178e-08
7115	牿	1.500455538301428e-08
7116	盷	1.500455538301428e-08
7117	澭	1.500395415863135e-08
7118	尪	1.500395415863135e-08
7119	镮	1.500395415863135e-08
7120	噇	1.500335293424842e-08
7121	侁	1.500275170986549e-08
7122	倕	1.500275170986549e-08
7123	醑	1.500275170986549e-08
7124	熛	1.500215048548256e-08
7125	鲰	1.500154926109963e-08
7126	暅	1.500034681233376e-08
7127	猄	1.500034681233376e-08
7128	咇	1.400425169081333e-08
7129	痄	1.400425169081333e-08
7130	漈	1.400425169081333e-08
7131	杙	1.400425169081333e-08
7132	皕	1.400425169081333e-08
7133	砫	1.400425169081333e-08
7134	偡	1.400425169081333e-08
7135	蹐	1.400425169081333e-08
7136	涴	1.40036504664304e-08
7137	栒	1.40036504664304e-08
7138	鹔	1.40036504664304e-08
7139	耑	1.40036504664304e-08
7140	咉	1.400304924204747e-08
7141	菝	1.400244801766454e-08
7142	唝	1.400244801766454e-08
7143	崄	1.400244801766454e-08
7144	簠	1.400244801766454e-08
7145	嵖	1.400244801766454e-08
7146	玼	1.400244801766454e-08
7147	慬	1.400184679328161e-08
7148	繄	1.400184679328161e-08
7149	溁	1.400184679328161e-08
7150	洿	1.400124556889867e-08
7151	椪	1.400124556889867e-08
7152	垈	1.400004312013281e-08
7153	圐	1.400004312013281e-08
7154	杧	1.400004312013281e-08
7155	媄	1.400004312013281e-08
7156	耩	1.300394799861238e-08
7157	撖	1.300394799861238e-08
7158	洚	1.300394799861238e-08
7159	瞵	1.300394799861238e-08
7160	镎	1.300394799861238e-08
7161	璪	1.300394799861238e-08
7162	婞	1.300334677422945e-08
7163	脎	1.300334677422945e-08
7164	疰	1.300274554984652e-08
7165	柷	1.300274554984652e-08
7166	慥	1.300214432546358e-08
7167	勍	1.300214432546358e-08
7168	缐	1.300214432546358e-08
7169	酏	1.300214432546358e-08
7170	脒	1.300154310108065e-08
7171	桲	1.300154310108065e-08
7172	簰	1.300154310108065e-08
7173	鄫	1.300154310108065e-08
7174	镵	1.300154310108065e-08
7175	鹀	1.300094187669772e-08
7176	浡	1.300094187669772e-08
7177	铕	1.300094187669772e-08
7178	圌	1.300034065231479e-08
7179	劐	1.200364430641143e-08
7180	犋	1.200364430641143e-08
7181	醭	1.200364430641143e-08
7182	耠	1.200364430641143e-08
7183	腽	1.200364430641143e-08
7184	泂	1.200364430641143e-08
7185	漼	1.200364430641143e-08
7186	僎	1.200364430641143e-08
7187	碨	1.200364430641143e-08
7188	萳	1.200364430641143e-08
7189	粞	1.200304308202849e-08
7190	奡	1.200304308202849e-08
7191	髃	1.200244185764556e-08
7192	揳	1.200244185764556e-08
7193	旿	1.200244185764556e-08
7194	莙	1.200244185764556e-08
7195	姱	1.200184063326263e-08
7196	菥	1.200184063326263e-08
7197	镨	1.200184063326263e-08
7198	佽	1.200184063326263e-08
7199	岍	1.20012394088797e-08
7200	桯	1.20012394088797e-08
7201	鳈	1.20012394088797e-08
7202	鲴	1.200063818449677e-08
7203	鲘	1.200003696011384e-08
7204	喤	1.100334061421047e-08
7205	澴	1.100334061421047e-08
7206	攽	1.100334061421047e-08
7207	宧	1.100334061421047e-08
7208	舭	1.100334061421047e-08
7209	漷	1.100334061421047e-08
7210	杄	1.100334061421047e-08
7211	魋	1.100334061421047e-08
7212	厖	1.100334061421047e-08
7213	昫	1.100273938982754e-08
7214	鸧	1.100273938982754e-08
7215	缲	1.100213816544461e-08
7216	皦	1.100213816544461e-08
7217	嬬	1.100213816544461e-08
7218	滪	1.100213816544461e-08
7219	蕰	1.100153694106168e-08
7220	镥	1.100153694106168e-08
7221	娵	1.100153694106168e-08
7222	钖	1.100153694106168e-08
7223	鸻	1.100033449229582e-08
7224	葖	1.100033449229582e-08
7225	鱾	1.100033449229582e-08
7226	硙	1.100033449229582e-08
7227	稌	1.000303692200952e-08
7228	沘	1.000303692200952e-08
7229	棬	1.000303692200952e-08
7230	怊	1.000243569762659e-08
7231	惙	1.000243569762659e-08
7232	庼	1.000243569762659e-08
7233	睄	1.000243569762659e-08
7234	磉	1.000183447324366e-08
7235	绤	1.000183447324366e-08
7236	擿	1.000183447324366e-08
7237	蘘	1.000183447324366e-08
7238	椀	1.000183447324366e-08
7239	禚	1.000123324886073e-08
7240	斠	1.000123324886073e-08
7241	簕	1.000123324886073e-08
7242	藨	1.000123324886073e-08
7243	茚	1.00006320244778e-08
7244	噂	1.00006320244778e-08
7245	敔	1.00006320244778e-08
7246	祾	1.00006320244778e-08
7247	鸼	1.00006320244778e-08
7248	鳠	1.00006320244778e-08
7249	篯	1.00006320244778e-08
7250	鲖	1.00006320244778e-08
7251	暵	1.00006320244778e-08
7252	鳚	1.000003080009486e-08
7253	鳛	1.000003080009486e-08
7254	漤	9.002733229808571e-09
7255	挦	9.002733229808571e-09
7256	耢	9.002733229808571e-09
7257	煴	9.002733229808571e-09
7258	藟	9.002733229808571e-09
7259	暕	9.002733229808571e-09
7260	珌	9.002733229808571e-09
7261	洢	9.002733229808571e-09
7262	筦	9.002733229808571e-09
7263	蔀	9.002733229808571e-09
7264	瑑	9.002733229808571e-09
7265	禋	9.002132005425639e-09
7266	诐	9.002132005425639e-09
7267	鼢	9.002132005425639e-09
7268	瑳	9.002132005425639e-09
7269	娀	9.002132005425639e-09
7270	凘	9.002132005425639e-09
7271	霅	9.002132005425639e-09
7272	潏	9.001530781042707e-09
7273	鄗	9.001530781042707e-09
7274	熥	9.001530781042707e-09
7275	锽	9.001530781042707e-09
7276	郪	9.001530781042707e-09
7277	髽	9.001530781042707e-09
7278	愐	9.000929556659776e-09
7279	镤	9.000929556659776e-09
7280	螋	9.000929556659776e-09
7281	晙	9.000929556659776e-09
7282	匜	9.000929556659776e-09
7283	灈	9.000929556659776e-09
7284	穜	9.000929556659776e-09
7285	肸	9.000929556659776e-09
7286	佁	9.000929556659776e-09
7287	伈	9.000929556659776e-09
7288	惎	9.000328332276844e-09
7289	湴	9.000328332276844e-09
7290	鲹	9.000328332276844e-09
7291	铥	9.000328332276844e-09
7292	藦	9.000328332276844e-09
7293	妧	8.002429537607618e-09
7294	仂	8.002429537607618e-09
7295	耥	8.002429537607618e-09
7296	碥	8.002429537607618e-09
7297	镩	8.002429537607618e-09
7298	嵎	8.002429537607618e-09
7299	悢	8.002429537607618e-09
7300	澥	8.002429537607618e-09
7301	镄	8.002429537607618e-09
7302	茓	8.002429537607618e-09
7303	袗	8.002429537607618e-09
7304	觱	8.002429537607618e-09
7305	舲	8.002429537607618e-09
7306	炟	8.001828313224687e-09
7307	酂	8.001828313224687e-09
7308	锧	8.001828313224687e-09
7309	簖	8.001227088841755e-09
7310	嵚	8.001227088841755e-09
7311	珝	8.001227088841755e-09
7312	翂	8.001227088841755e-09
7313	昡	8.001227088841755e-09
7314	貆	8.000625864458823e-09
7315	郚	8.000625864458823e-09
7316	皭	8.000625864458823e-09
7317	鲯	8.000625864458823e-09
7318	辿	8.000024640075892e-09
7319	嶅	8.000024640075892e-09
7320	鳁	8.000024640075892e-09
7321	鲾	8.000024640075892e-09
7322	鄑	8.000024640075892e-09
7323	鲝	8.000024640075892e-09
7324	嚚	7.002125845406665e-09
7325	墦	7.002125845406665e-09
7326	蠋	7.002125845406665e-09
7327	戤	7.002125845406665e-09
7328	翯	7.002125845406665e-09
7329	崿	7.002125845406665e-09
7330	楩	7.002125845406665e-09
7331	慆	7.002125845406665e-09
7332	簉	7.002125845406665e-09
7333	牁	7.002125845406665e-09
7334	矰	7.002125845406665e-09
7335	飗	7.002125845406665e-09
7336	褯	7.002125845406665e-09
7337	硿	7.002125845406665e-09
7338	裛	7.001524621023734e-09
7339	稃	7.001524621023734e-09
7340	秬	7.001524621023734e-09
7341	梾	7.001524621023734e-09
7342	颋	7.001524621023734e-09
7343	俍	7.001524621023734e-09
7344	浟	7.001524621023734e-09
7345	琭	7.001524621023734e-09
7346	昄	7.000923396640803e-09
7347	堐	7.000923396640803e-09
7348	訄	7.000923396640803e-09
7349	慭	7.000923396640803e-09
7350	糒	7.000923396640803e-09
7351	珢	7.000923396640803e-09
7352	甗	7.000322172257871e-09
7353	揕	7.000322172257871e-09
7354	薳	7.000322172257871e-09
7355	槜	7.000322172257871e-09
7356	铹	7.000322172257871e-09
7357	鲪	7.000322172257871e-09
7358	杕	7.000322172257871e-09
7359	郈	6.001822153205713e-09
7360	礞	6.001822153205713e-09
7361	塆	6.001822153205713e-09
7362	牮	6.001822153205713e-09
7363	疢	6.001822153205713e-09
7364	嵁	6.001822153205713e-09
7365	耔	6.001822153205713e-09
7366	哃	6.001822153205713e-09
7367	嶓	6.001822153205713e-09
7368	鞧	6.001822153205713e-09
7369	膙	6.001822153205713e-09
7370	澽	6.001822153205713e-09
7371	漻	6.001822153205713e-09
7372	瞫	6.001822153205713e-09
7373	醨	6.001822153205713e-09
7374	薿	6.001822153205713e-09
7375	窎	6.001822153205713e-09
7376	珫	6.001822153205713e-09
7377	荖	6.001822153205713e-09
7378	缞	6.001822153205713e-09
7379	忳	6.001220928822782e-09
7380	埇	6.001220928822782e-09
7381	雊	6.001220928822782e-09
7382	漦	6.001220928822782e-09
7383	珖	6.001220928822782e-09
7384	崀	6.00061970443985e-09
7385	鼒	6.00061970443985e-09
7386	氿	6.00061970443985e-09
7387	皛	6.000018480056919e-09
7388	堾	6.000018480056919e-09
7389	徛	6.000018480056919e-09
7390	鳒	6.000018480056919e-09
7391	鳂	6.000018480056919e-09
7392	鲬	6.000018480056919e-09
7393	鹟	6.000018480056919e-09
7394	鲿	6.000018480056919e-09
7395	痃	5.001518461004761e-09
7396	鼽	5.001518461004761e-09
7397	玃	5.001518461004761e-09
7398	筻	5.001518461004761e-09
7399	湝	5.001518461004761e-09
7400	牚	5.001518461004761e-09
7401	斶	5.001518461004761e-09
7402	榑	5.001518461004761e-09
7403	枲	5.001518461004761e-09
7404	姶	5.001518461004761e-09
7405	衠	5.001518461004761e-09
7406	鞡	5.001518461004761e-09
7407	踶	5.001518461004761e-09
7408	鹐	5.001518461004761e-09
7409	靰	5.001518461004761e-09
7410	剕	5.001518461004761e-09
7411	髢	5.001518461004761e-09
7412	穟	5.001518461004761e-09
7413	蓏	5.001518461004761e-09
7414	赒	5.001518461004761e-09
7415	珹	5.001518461004761e-09
7416	蒎	5.00091723662183e-09
7417	葴	5.00091723662183e-09
7418	馌	5.00091723662183e-09
7419	疐	5.00091723662183e-09
7420	酅	5.00091723662183e-09
7421	萹	5.00091723662183e-09
7422	猯	5.00091723662183e-09
7423	憺	5.000316012238898e-09
7424	堽	5.000316012238898e-09
7425	滆	5.000316012238898e-09
7426	梠	5.000316012238898e-09
7427	荄	5.000316012238898e-09
7428	瑬	4.001214768803809e-09
7429	瘃	4.001214768803809e-09
7430	崌	4.001214768803809e-09
7431	椓	4.001214768803809e-09
7432	搒	4.001214768803809e-09
7433	坬	4.001214768803809e-09
7434	狉	4.001214768803809e-09
7435	浭	4.001214768803809e-09
7436	穄	4.001214768803809e-09
7437	鄀	4.001214768803809e-09
7438	槱	4.001214768803809e-09
7439	蚆	4.001214768803809e-09
7440	弨	4.001214768803809e-09
7441	旵	4.001214768803809e-09
7442	佖	4.001214768803809e-09
7443	剟	4.001214768803809e-09
7444	赗	4.001214768803809e-09
7445	椸	4.001214768803809e-09
7446	淴	4.001214768803809e-09
7447	璬	4.001214768803809e-09
7448	蒄	4.001214768803809e-09
7449	珇	4.001214768803809e-09
7450	昒	4.001214768803809e-09
7451	讻	4.001214768803809e-09
7452	祃	4.000613544420877e-09
7453	凓	4.000613544420877e-09
7454	嶦	4.000613544420877e-09
7455	鹠	4.000613544420877e-09
7456	勠	4.000613544420877e-09
7457	跱	4.000613544420877e-09
7458	瑝	4.000613544420877e-09
7459	砆	4.000613544420877e-09
7460	玓	4.000613544420877e-09
7461	堎	4.000012320037946e-09
7462	俙	4.000012320037946e-09
7463	酦	4.000012320037946e-09
7464	偰	4.000012320037946e-09
7465	玒	4.000012320037946e-09
7466	赕	3.000911076602856e-09
7467	冮	3.000911076602856e-09
7468	塥	3.000911076602856e-09
7469	薁	3.000911076602856e-09
7470	墈	3.000911076602856e-09
7471	啴	3.000911076602856e-09
7472	辁	3.000911076602856e-09
7473	铴	3.000911076602856e-09
7474	棓	3.000911076602856e-09
7475	埫	3.000911076602856e-09
7476	憕	3.000911076602856e-09
7477	瀵	3.000911076602856e-09
7478	扅	3.000911076602856e-09
7479	韨	3.000911076602856e-09
7480	睎	3.000911076602856e-09
7481	涢	3.000911076602856e-09
7482	汈	3.000911076602856e-09
7483	漋	3.000911076602856e-09
7484	隩	3.000911076602856e-09
7485	礵	3.000911076602856e-09
7486	孅	3.000911076602856e-09
7487	憭	3.000911076602856e-09
7488	摴	3.000911076602856e-09
7489	晫	3.000911076602856e-09
7490	婌	3.000911076602856e-09
7491	硍	3.000911076602856e-09
7492	岞	3.000911076602856e-09
7493	岠	3.000911076602856e-09
7494	璥	3.000911076602856e-09
7495	琫	3.000911076602856e-09
7496	驲	3.000911076602856e-09
7497	虒	3.000911076602856e-09
7498	煟	3.000911076602856e-09
7499	焞	3.000911076602856e-09
7500	鄃	3.000911076602856e-09
7501	萣	3.000911076602856e-09
7502	胈	3.000911076602856e-09
7503	鞳	3.000911076602856e-09
7504	儦	3.000911076602856e-09
7505	磜	3.000911076602856e-09
7506	罶	3.000911076602856e-09
7507	硊	3.000911076602856e-09
7508	勚	3.000911076602856e-09
7509	珋	3.000911076602856e-09
7510	玞	3.000911076602856e-09
7511	腙	3.000309852219925e-09
7512	垿	3.000309852219925e-09
7513	偭	3.000309852219925e-09
7514	墣	3.000309852219925e-09
7515	椑	3.000309852219925e-09
7516	湑	3.000309852219925e-09
7517	舥	3.000309852219925e-09
7518	媱	3.000309852219925e-09
7519	祊	3.000309852219925e-09
7520	歅	3.000309852219925e-09
7521	萚	3.000309852219925e-09
7522	媖	2.000607384401905e-09
7523	岨	2.000607384401905e-09
7524	砠	2.000607384401905e-09
7525	帡	2.000607384401905e-09
7526	纴	2.000607384401905e-09
7527	溇	2.000607384401905e-09
7528	艎	2.000607384401905e-09
7529	堧	2.000607384401905e-09
7530	咡	2.000607384401905e-09
7531	扊	2.000607384401905e-09
7532	梣	2.000607384401905e-09
7533	昤	2.000607384401905e-09
7534	笯	2.000607384401905e-09
7535	羓	2.000607384401905e-09
7536	癿	2.000607384401905e-09
7537	浕	2.000607384401905e-09
7538	梴	2.000607384401905e-09
7539	龂	2.000607384401905e-09
7540	蹜	2.000607384401905e-09
7541	祋	2.000607384401905e-09
7542	漴	2.000607384401905e-09
7543	晱	2.000607384401905e-09
7544	婘	2.000607384401905e-09
7545	弸	2.000607384401905e-09
7546	庱	2.000607384401905e-09
7547	悆	2.000607384401905e-09
7548	陑	2.000607384401905e-09
7549	旴	2.000607384401905e-09
7550	邘	2.000607384401905e-09
7551	麖	2.000607384401905e-09
7552	虷	2.000607384401905e-09
7553	耇	2.000607384401905e-09
7554	鼫	2.000607384401905e-09
7555	腒	2.000607384401905e-09
7556	荙	2.000607384401905e-09
7557	玤	2.000607384401905e-09
7558	觿	2.000607384401905e-09
7559	爟	2.000607384401905e-09
7560	瓀	2.000607384401905e-09
7561	煃	2.000607384401905e-09
7562	猺	2.000607384401905e-09
7563	溞	2.000607384401905e-09
7564	逴	2.000607384401905e-09
7565	洭	2.000607384401905e-09
7566	栐	2.000607384401905e-09
7567	荓	2.000607384401905e-09
7568	矼	2.000607384401905e-09
7569	簝	2.000607384401905e-09
7570	蟫	2.000607384401905e-09
7571	羱	2.000607384401905e-09
7572	馞	2.000607384401905e-09
7573	薢	2.000607384401905e-09
7574	璒	2.000607384401905e-09
7575	璲	2.000607384401905e-09
7576	觭	2.000607384401905e-09
7577	馝	2.000607384401905e-09
7578	耤	2.000607384401905e-09
7579	觟	2.000607384401905e-09
7580	筶	2.000607384401905e-09
7581	稑	2.000607384401905e-09
7582	蒱	2.000607384401905e-09
7583	瑓	2.000607384401905e-09
7584	傃	2.000607384401905e-09
7585	倴	2.000607384401905e-09
7586	胣	2.000607384401905e-09
7587	耏	2.000607384401905e-09
7588	砄	2.000607384401905e-09
7589	诇	2.000607384401905e-09
7590	讱	2.000607384401905e-09
7591	匼	2.000607384401905e-09
7592	堼	2.000006160018973e-09
7593	埌	2.000006160018973e-09
7594	坋	2.000006160018973e-09
7595	圫	2.000006160018973e-09
7596	琡	2.000006160018973e-09
7597	铻	1.000303692200952e-09
7598	弶	1.000303692200952e-09
7599	坒	1.000303692200952e-09
7600	泜	1.000303692200952e-09
7601	腨	1.000303692200952e-09
7602	浛	1.000303692200952e-09
7603	轷	1.000303692200952e-09
7604	旐	1.000303692200952e-09
7605	垺	1.000303692200952e-09
7606	塅	1.000303692200952e-09
7607	埆	1.000303692200952e-09
7608	垏	1.000303692200952e-09
7609	婻	1.000303692200952e-09
7610	碶	1.000303692200952e-09
7611	崟	1.000303692200952e-09
7612	姈	1.000303692200952e-09
7613	隃	1.000303692200952e-09
7614	峱	1.000303692200952e-09
7615	鄅	1.000303692200952e-09
7616	墐	1.000303692200952e-09
7617	圲	1.000303692200952e-09
7618	呇	1.000303692200952e-09
7619	滫	1.000303692200952e-09
7620	庤	1.000303692200952e-09
7621	泃	1.000303692200952e-09
7622	邿	1.000303692200952e-09
7623	朳	1.000303692200952e-09
7624	嫭	1.000303692200952e-09
7625	嵲	1.000303692200952e-09
7626	婍	1.000303692200952e-09
7627	洈	1.000303692200952e-09
7628	峛	1.000303692200952e-09
7629	岊	1.000303692200952e-09
7630	琀	1.000303692200952e-09
7631	腯	1.000303692200952e-09
7632	荮	1.000303692200952e-09
7633	鹝	1.000303692200952e-09
7634	溵	1.000303692200952e-09
7635	瀌	1.000303692200952e-09
7636	殣	1.000303692200952e-09
7637	靽	1.000303692200952e-09
7638	洣	1.000303692200952e-09
7639	暿	1.000303692200952e-09
7640	嶍	1.000303692200952e-09
7641	戣	1.000303692200952e-09
7642	愭	1.000303692200952e-09
7643	溹	1.000303692200952e-09
7644	媂	1.000303692200952e-09
7645	媓	1.000303692200952e-09
7646	婤	1.000303692200952e-09
7647	淜	1.000303692200952e-09
7648	恔	1.000303692200952e-09
7649	峗	1.000303692200952e-09
7650	峘	1.000303692200952e-09
7651	弆	1.000303692200952e-09
7652	屼	1.000303692200952e-09
7653	癗	1.000303692200952e-09
7654	疁	1.000303692200952e-09
7655	畖	1.000303692200952e-09
7656	洓	1.000303692200952e-09
7657	蹢	1.000303692200952e-09
7658	鞁	1.000303692200952e-09
7659	鸤	1.000303692200952e-09
7660	襫	1.000303692200952e-09
7661	橑	1.000303692200952e-09
7662	禒	1.000303692200952e-09
7663	淟	1.000303692200952e-09
7664	梌	1.000303692200952e-09
7665	浲	1.000303692200952e-09
7666	涍	1.000303692200952e-09
7667	烻	1.000303692200952e-09
7668	泇	1.000303692200952e-09
7669	朸	1.000303692200952e-09
7670	暶	1.000303692200952e-09
7671	儴	1.000303692200952e-09
7672	儳	1.000303692200952e-09
7673	翷	1.000303692200952e-09
7674	鬶	1.000303692200952e-09
7675	襚	1.000303692200952e-09
7676	蟏	1.000303692200952e-09
7677	蔃	1.000303692200952e-09
7678	鹒	1.000303692200952e-09
7679	艅	1.000303692200952e-09
7680	瑔	1.000303692200952e-09
7681	瑃	1.000303692200952e-09
7682	琟	1.000303692200952e-09
7683	珷	1.000303692200952e-09
7684	焆	1.000303692200952e-09
7685	脟	1.000303692200952e-09
7686	蚲	1.000303692200952e-09
7687	菍	1.000303692200952e-09
7688	竘	1.000303692200952e-09
7689	珛	1.000303692200952e-09
7690	侹	1.000303692200952e-09
7691	伭	1.000303692200952e-09
7692	踒	1.000303692200952e-09
7693	舠	1.000303692200952e-09
7694	汋	1.000303692200952e-09
7695	琈	1.234028734518816e-13
7696	妭	1.234028734518816e-13
7697	墘	1.234028734518816e-13
7698	峃	1.234028734518816e-13
7699	莿	1.234028734518816e-13
7700	椆	1.234028734518816e-13
7701	堲	1.234028734518816e-13
7702	垙	1.234028734518816e-13
7703	垎	1.234028734518816e-13
7704	坽	1.234028734518816e-13
7705	蒈	1.234028734518816e-13
7706	溠	1.234028734518816e-13
7707	峂	1.234028734518816e-13
7708	塝	1.234028734518816e-13
7709	堨	1.234028734518816e-13
7710	埪	1.234028734518816e-13
7711	垾	1.234028734518816e-13
7712	坥	1.234028734518816e-13
7713	圢	1.234028734518816e-13
7714	圙	1.234028734518816e-13
7715	寁	1.234028734518816e-13
7716	痓	1.234028734518816e-13
7717	幖	1.234028734518816e-13
7718	悈	1.234028734518816e-13
7719	昣	1.234028734518816e-13
7720	昈	1.234028734518816e-13
7721	蓢	1.234028734518816e-13
7722	疭	1.234028734518816e-13
7723	炣	1.234028734518816e-13
7724	墕	1.234028734518816e-13
7725	潩	1.234028734518816e-13
7726	䃅	1.234028734518816e-13
7727	梽	1.234028734518816e-13
7728	旞	1.234028734518816e-13
7729	嬥	1.234028734518816e-13
7730	戭	1.234028734518816e-13
7731	潖	1.234028734518816e-13
7732	嶟	1.234028734518816e-13
7733	摏	1.234028734518816e-13
7734	敩	1.234028734518816e-13
7735	愃	1.234028734518816e-13
7736	嵅	1.234028734518816e-13
7737	崶	1.234028734518816e-13
7738	晪	1.234028734518816e-13
7739	婫	1.234028734518816e-13
7740	崡	1.234028734518816e-13
7741	峿	1.234028734518816e-13
7742	扂	1.234028734518816e-13
7743	䏡	1.234028734518816e-13
7744	沺	1.234028734518816e-13
7745	枍	1.234028734518816e-13
7746	枅	1.234028734518816e-13
7747	㘎	1.234028734518816e-13
7748	䴔	1.234028734518816e-13
7749	䲟	1.234028734518816e-13
7750	䝙	1.234028734518816e-13
7751	侴	1.234028734518816e-13
7752	莝	1.234028734518816e-13
7753	玶	1.234028734518816e-13
7754	醾	1.234028734518816e-13
7755	鳤	1.234028734518816e-13
7756	鹲	1.234028734518816e-13
7757	黇	1.234028734518816e-13
7758	鄌	1.234028734518816e-13
7759	瓻	1.234028734518816e-13
7760	袯	1.234028734518816e-13
7761	饻	1.234028734518816e-13
7762	剅	1.234028734518816e-13
7763	㧟	1.234028734518816e-13
7764	㑊	1.234028734518816e-13
7765	㑇	1.234028734518816e-13
7766	齇	1.234028734518816e-13
7767	瀱	1.234028734518816e-13
7768	㸌	1.234028734518816e-13
7769	欂	1.234028734518816e-13
7770	瀔	1.234028734518816e-13
7771	濋	1.234028734518816e-13
7772	熻	1.234028734518816e-13
7773	澛	1.234028734518816e-13
7774	漹	1.234028734518816e-13
7775	榰	1.234028734518816e-13
7776	𡐓	1.234028734518816e-13
7777	滧	1.234028734518816e-13
7778	煓	1.234028734518816e-13
7779	煁	1.234028734518816e-13
7780	楒	1.234028734518816e-13
7781	榃	1.234028734518816e-13
7782	棤	1.234028734518816e-13
7783	𡎚	1.234028734518816e-13
7784	桹	1.234028734518816e-13
7785	涄	1.234028734518816e-13
7786	烶	1.234028734518816e-13
7787	烠	1.234028734518816e-13
7788	洘	1.234028734518816e-13
7789	柖	1.234028734518816e-13
7790	荁	1.234028734518816e-13
7791	陎	1.234028734518816e-13
7792	炌	1.234028734518816e-13
7793	牥	1.234028734518816e-13
7794	茋	1.234028734518816e-13
7795	汫	1.234028734518816e-13
7796	𠙶	1.234028734518816e-13
7797	𠳐	1.234028734518816e-13
7798	晐	1.234028734518816e-13
7799	冔	1.234028734518816e-13
7800	𫟅	1.234028734518816e-13
7801	𫞩	1.234028734518816e-13
7802	㿠	1.234028734518816e-13
7803	𤫉	1.234028734518816e-13
7804	𨭉	1.234028734518816e-13
7805	𨟠	1.234028734518816e-13
7806	𩾌	1.234028734518816e-13
7807	㰀	1.234028734518816e-13
7808	䎖	1.234028734518816e-13
7809	𦒍	1.234028734518816e-13
7810	䲢	1.234028734518816e-13
7811	馧	1.234028734518816e-13
7812	䗴	1.234028734518816e-13
7813	𥖨	1.234028734518816e-13
7814	𦈡	1.234028734518816e-13
7815	螱	1.234028734518816e-13
7816	䗪	1.234028734518816e-13
7817	穙	1.234028734518816e-13
7818	𨱔	1.234028734518816e-13
7819	磹	1.234028734518816e-13
7820	薸	1.234028734518816e-13
7821	𤩽	1.234028734518816e-13
7822	𨱑	1.234028734518816e-13
7823	㠓	1.234028734518816e-13
7824	䗛	1.234028734518816e-13
7825	㬚	1.234028734518816e-13
7826	虤	1.234028734518816e-13
7827	豮	1.234028734518816e-13
7828	𥕢	1.234028734518816e-13
7829	㵐	1.234028734518816e-13
7830	𩾃	1.234028734518816e-13
7831	㠇	1.234028734518816e-13
7832	蝘	1.234028734518816e-13
7833	䗖	1.234028734518816e-13
7834	磏	1.234028734518816e-13
7835	㻬	1.234028734518816e-13
7836	㮾	1.234028734518816e-13
7837	㽏	1.234028734518816e-13
7838	𩽾	1.234028734518816e-13
7839	㙦	1.234028734518816e-13
7840	僔	1.234028734518816e-13
7841	箖	1.234028734518816e-13
7842	𨱏	1.234028734518816e-13
7843	㬎	1.234028734518816e-13
7844	𥔲	1.234028734518816e-13
7845	䃎	1.234028734518816e-13
7846	𣗋	1.234028734518816e-13
7847	蔊	1.234028734518816e-13
7848	蔈	1.234028734518816e-13
7849	𦝼	1.234028734518816e-13
7850	谼	1.234028734518816e-13
7851	筤	1.234028734518816e-13
7852	䅟	1.234028734518816e-13
7853	蜐	1.234028734518816e-13
7854	㬊	1.234028734518816e-13
7855	䣘	1.234028734518816e-13
7856	碈	1.234028734518816e-13
7857	瑂	1.234028734518816e-13
7858	𤧛	1.234028734518816e-13
7859	瑖	1.234028734518816e-13
7860	䴖	1.234028734518816e-13
7861	瑅	1.234028734518816e-13
7862	㛹	1.234028734518816e-13
7863	㴔	1.234028734518816e-13
7864	𣸣	1.234028734518816e-13
7865	㺄	1.234028734518816e-13
7866	䐃	1.234028734518816e-13
7867	筀	1.234028734518816e-13
7868	𨱇	1.234028734518816e-13
7869	𧿹	1.234028734518816e-13
7870	㙘	1.234028734518816e-13
7871	琔	1.234028734518816e-13
7872	㥄	1.234028734518816e-13
7873	竫	1.234028734518816e-13
7874	䏲	1.234028734518816e-13
7875	䎃	1.234028734518816e-13
7876	蛃	1.234028734518816e-13
7877	㫰	1.234028734518816e-13
7878	翈	1.234028734518816e-13
7879	硔	1.234028734518816e-13
7880	䓛	1.234028734518816e-13
7881	䓨	1.234028734518816e-13
7882	䓬	1.234028734518816e-13
7883	䓫	1.234028734518816e-13
7884	㙍	1.234028734518816e-13
7885	琄	1.234028734518816e-13
7886	珸	1.234028734518816e-13
7887	䂮	1.234028734518816e-13
7888	㛚	1.234028734518816e-13
7889	𨺙	1.234028734518816e-13
7890	隺	1.234028734518816e-13
7891	衃	1.234028734518816e-13
7892	蚄	1.234028734518816e-13
7893	𨐈	1.234028734518816e-13
7894	珕	1.234028734518816e-13
7895	珒	1.234028734518816e-13
7896	㳘	1.234028734518816e-13
7897	㳚	1.234028734518816e-13
7898	㶲	1.234028734518816e-13
7899	𦙶	1.234028734518816e-13
7900	虸	1.234028734518816e-13
7901	䶮	1.234028734518816e-13
7902	䴓	1.234028734518816e-13
7903	㭕	1.234028734518816e-13
7904	𦰡	1.234028734518816e-13
7905	茽	1.234028734518816e-13
7906	玿	1.234028734518816e-13
7907	㛃	1.234028734518816e-13
7908	䌹	1.234028734518816e-13
7909	佸	1.234028734518816e-13
7910	㟃	1.234028734518816e-13
7911	㭎	1.234028734518816e-13
7912	𦭜	1.234028734518816e-13
7913	䢼	1.234028734518816e-13
7914	纼	1.234028734518816e-13
7915	𨚕	1.234028734518816e-13
7916	䢺	1.234028734518816e-13
7917	㳇	1.234028734518816e-13
7918	𣲗	1.234028734518816e-13
7919	𣲘	1.234028734518816e-13
7920	觃	1.234028734518816e-13
7921	㕮	1.234028734518816e-13
7922	苉	1.234028734518816e-13
7923	㧑	1.234028734518816e-13
7924	䜣	1.234028734518816e-13
7925	伣	1.234028734518816e-13
7926	𨙸	1.234028734518816e-13
7927	㸆	1.234028734518816e-13
7928	䦃	1.234028734518816e-13
7929	𥻗	1.234028734518816e-13
7930	䓖	1.234028734518816e-13
7931	㤘	1.234028734518816e-13
7932	䏝	1.234028734518816e-13
7933	脿	1.234028734518816e-13
7934	𠅤	1.234028734518816e-13
7935	㧐	1.234028734518816e-13
7936	𬉼	1.234028734518816e-13
7937	䥽	1.234028734518816e-13
7938	䁖	1.234028734518816e-13
7939	𬣙	1.234028734518816e-13
7940	𬇕	1.234028734518816e-13
7941	𬣞	1.234028734518816e-13
7942	𬘓	1.234028734518816e-13
7943	𫭟	1.234028734518816e-13
7944	𫭢	1.234028734518816e-13
7945	𫇭	1.234028734518816e-13
7946	𫐄	1.234028734518816e-13
7947	𫵷	1.234028734518816e-13
7948	𬇙	1.234028734518816e-13
7949	𬣡	1.234028734518816e-13
7950	𫸩	1.234028734518816e-13
7951	𫘜	1.234028734518816e-13
7952	𬘘	1.234028734518816e-13
7953	𫘝	1.234028734518816e-13
7954	𬨂	1.234028734518816e-13
7955	𬀩	1.234028734518816e-13
7956	𬀪	1.234028734518816e-13
7957	𬬩	1.234028734518816e-13
7958	𫍣	1.234028734518816e-13
7959	𬣳	1.234028734518816e-13
7960	𬩽	1.234028734518816e-13
7961	𬮿	1.234028734518816e-13
7962	𬯀	1.234028734518816e-13
7963	𫰛	1.234028734518816e-13
7964	𬳵	1.234028734518816e-13
7965	𬳶	1.234028734518816e-13
7966	𫠊	1.234028734518816e-13
7967	𬍛	1.234028734518816e-13
7968	𬜬	1.234028734518816e-13
7969	𪾢	1.234028734518816e-13
7970	𪨰	1.234028734518816e-13
7971	𫓧	1.234028734518816e-13
7972	𬬮	1.234028734518816e-13
7973	𬬱	1.234028734518816e-13
7974	𬬭	1.234028734518816e-13
7975	𬘡	1.234028734518816e-13
7976	𬳽	1.234028734518816e-13
7977	𬘩	1.234028734518816e-13
7978	𫄧	1.234028734518816e-13
7979	𪟝	1.234028734518816e-13
7980	𬍤	1.234028734518816e-13
7981	𫭼	1.234028734518816e-13
7982	𬜯	1.234028734518816e-13
7983	𬂩	1.234028734518816e-13
7984	𫠆	1.234028734518816e-13
7985	𬌗	1.234028734518816e-13
7986	𫑡	1.234028734518816e-13
7987	𪨶	1.234028734518816e-13
7988	𬬸	1.234028734518816e-13
7989	𬬻	1.234028734518816e-13
7990	𬬹	1.234028734518816e-13
7991	𬬿	1.234028734518816e-13
7992	𬭁	1.234028734518816e-13
7993	𫢸	1.234028734518816e-13
7994	𫗧	1.234028734518816e-13
7995	𬊈	1.234028734518816e-13
7996	𬒈	1.234028734518816e-13
7997	𬳿	1.234028734518816e-13
7998	𫄨	1.234028734518816e-13
7999	𬘫	1.234028734518816e-13
8000	𫮃	1.234028734518816e-13
8001	䴕	1.234028734518816e-13
8002	𬱖	1.234028734518816e-13
8003	𬟽	1.234028734518816e-13
8004	𫓯	1.234028734518816e-13
8005	𫟹	1.234028734518816e-13
8006	𫟼	1.234028734518816e-13
8007	𬇹	1.234028734518816e-13
8008	𬍡	1.234028734518816e-13
8009	𬤇	1.234028734518816e-13
8010	𫍯	1.234028734518816e-13
8011	𬤊	1.234028734518816e-13
8012	𫍲	1.234028734518816e-13
8013	𬯎	1.234028734518816e-13
8014	𬘬	1.234028734518816e-13
8015	𬘭	1.234028734518816e-13
8016	𬴂	1.234028734518816e-13
8017	𫘦	1.234028734518816e-13
8018	𬘯	1.234028734518816e-13
8019	𫘧	1.234028734518816e-13
8020	𪣻	1.234028734518816e-13
8021	𬃊	1.234028734518816e-13
8022	𬷕	1.234028734518816e-13
8023	𫐐	1.234028734518816e-13
8024	𬹼	1.234028734518816e-13
8025	𫶇	1.234028734518816e-13
8026	𫖮	1.234028734518816e-13
8027	𬭊	1.234028734518816e-13
8028	𫓶	1.234028734518816e-13
8029	𬭎	1.234028734518816e-13
8030	𫖯	1.234028734518816e-13
8031	𬱟	1.234028734518816e-13
8032	𫛭	1.234028734518816e-13
8033	𫷷	1.234028734518816e-13
8034	𬮱	1.234028734518816e-13
8035	𬊤	1.234028734518816e-13
8036	媆	1.234028734518816e-13
8037	𬴃	1.234028734518816e-13
8038	𫘨	1.234028734518816e-13
8039	𬪩	1.234028734518816e-13
8040	𬒔	1.234028734518816e-13
8041	𬨎	1.234028734518816e-13
8042	𫐓	1.234028734518816e-13
8043	𫫇	1.234028734518816e-13
8044	𫓹	1.234028734518816e-13
8045	𬭚	1.234028734518816e-13
8046	𬭛	1.234028734518816e-13
8047	𬕂	1.234028734518816e-13
8048	𬶋	1.234028734518816e-13
8049	𬶍	1.234028734518816e-13
8050	𫔶	1.234028734518816e-13
8051	𫌀	1.234028734518816e-13
8052	𫖳	1.234028734518816e-13
8053	𫘪	1.234028734518816e-13
8054	𫘬	1.234028734518816e-13
8055	𪤗	1.234028734518816e-13
8056	𬸘	1.234028734518816e-13
8057	𬒗	1.234028734518816e-13
8058	𫚖	1.234028734518816e-13
8059	䴗	1.234028734518816e-13
8060	𬭤	1.234028734518816e-13
8061	𫚕	1.234028734518816e-13
8062	𬶐	1.234028734518816e-13
8063	𬶏	1.234028734518816e-13
8064	𬸚	1.234028734518816e-13
8065	漖	1.234028734518816e-13
8066	𬤝	1.234028734518816e-13
8067	𬙂	1.234028734518816e-13
8068	𬭩	1.234028734518816e-13
8069	䴘	1.234028734518816e-13
8070	𬸣	1.234028734518816e-13
8071	𫍽	1.234028734518816e-13
8072	𬴊	1.234028734518816e-13
8073	𬞟	1.234028734518816e-13
8074	𫟦	1.234028734518816e-13
8075	𬺈	1.234028734518816e-13
8076	𫠜	1.234028734518816e-13
8077	𪩘	1.234028734518816e-13
8078	𬭬	1.234028734518816e-13
8079	𬭯	1.234028734518816e-13
8080	𫗴	1.234028734518816e-13
8081	𬸦	1.234028734518816e-13
8082	𫄷	1.234028734518816e-13
8083	𬭳	1.234028734518816e-13
8084	𬭶	1.234028734518816e-13
8085	𫔍	1.234028734518816e-13
8086	𬭸	1.234028734518816e-13
8087	𬭼	1.234028734518816e-13
8088	𫔎	1.234028734518816e-13
8089	𬸪	1.234028734518816e-13
8090	䲠	1.234028734518816e-13
8091	𬶟	1.234028734518816e-13
8092	𬶠	1.234028734518816e-13
8093	𬶨	1.234028734518816e-13
8094	𫄸	1.234028734518816e-13
8095	𬟁	1.234028734518816e-13
8096	䴙	1.234028734518816e-13
8097	𬙊	1.234028734518816e-13
8098	𬶭	1.234028734518816e-13
8099	𬶮	1.234028734518816e-13
8100	𬙋	1.234028734518816e-13
8101	𬺓	1.234028734518816e-13
8102	𫚭	1.234028734518816e-13
8103	鿍	1.234028734518816e-13
8104	鿎	1.234028734518816e-13
8105	鿏	1.234028734518816e-13
